"film_id","actor_list"
652,"Lucille Tracy, Woody Hoffman, Warren Nolte, Richard Penn, Will Wilson"
273,"Julia Mcqueen, Alec Wayne, Nick Stallone, Julia Barrymore, Renee Tracy, Olympia Pfeiffer, Lisa Monroe"
51,"Parker Goldberg, Mena Temple, Gary Penn, Richard Penn, Renee Ball, Rock Dukakis"
951,"Carmen Hunt, Jayne Neeson, Angela Hudson, Mary Tandy, Meg Hawke"
839,"Val Bolger, Tom Mckellen, Rip Winslet, Woody Jolie, Kenneth Pesci, Kevin Garland, Jon Chase"
70,"Bette Nicholson, Penelope Cronyn"
350,"Mary Tandy, Warren Nolte, Jada Ryder"
758,"Grace Mostel, Fred Costner, Rip Crawford, Susan Davis, Morgan Williams, Mena Hopper, Groucho Williams, Jon Chase, Reese West, Mary Keitel"
539,"Ed Chase, Susan Davis, Scarlett Bening, Jane Jackman, Geoffrey Heston, Matthew Carrey"
874,"Helen Voight, Adam Grant, Ellen Presley, Gene Willis, Greta Malden, Jeff Silverstone, Matthew Carrey, Audrey Bailey"
278,"Cameron Wray, Warren Nolte, Gene Hopkins, Albert Johansson, Audrey Bailey"
946,"Dustin Tautou, Gary Penn, Jon Chase"
176,"Tom Mckellen, Nick Stallone, Christopher Berry"
576,"Julia Barrymore, Mena Temple, Jessica Bailey, Julianne Dench, Whoopi Hurt, River Dean, Russell Close, Bela Walken"
292,"Grace Mostel, Vivien Bergen, Sandra Peck, Penelope Pinkett, Kenneth Paltrow, Gina Degeneres, Susan Davis, Morgan Hopkins"
663,"Lucille Tracy, Val Bolger, Milla Keitel, Sean Guiness"
929,"Christian Gable, Audrey Olivier, Greg Chaplin, Kenneth Pesci, Kirsten Akroyd"
770,"Grace Mostel, Helen Voight, Julia Barrymore, Jane Jackman, Rock Dukakis"
22,"Cary Mcconaughey, Daryl Wahlberg, Salma Nolte, Scarlett Bening"
271,"Fred Costner, Matthew Leigh, Ed Mansfield"
417,"Vivien Bergen, Natalie Hopkins, Dan Harris, Christian Akroyd, Jon Chase, Renee Ball"
556,"Angela Hudson"
764,"Vivien Bergen, Rip Crawford, Penelope Pinkett, Burt Posey, Ben Willis, James Pitt, Greta Keitel, Mena Hopper, Gene Mckellen"
529,"Rip Crawford, Val Bolger, Kenneth Paltrow, Ben Willis, James Pitt, Charlize Dench, Sean Guiness, Walter Torn, Ewan Gooding, Groucho Williams, Alan Dreyfuss, Rock Dukakis"
638,"Christian Akroyd, Adam Grant, Gregory Gooding"
791,"Kenneth Paltrow, Kevin Garland"
775,"Elvis Marx, Milla Peck, Kenneth Torn, Scarlett Bening, Fay Wood, Gregory Gooding"
940,"Gary Phoenix, Kenneth Pesci, Debbie Akroyd, Cuba Birch, Meryl Allen"
390,"Rip Crawford, Burt Dukakis, Richard Penn, Morgan Williams, Russell Close"
173,"Grace Mostel, Russell Bacall, Warren Jackman, Audrey Bailey"
42,"Ed Chase, Sandra Kilmer, Kirk Jovovich, Jayne Neeson, Sidney Crowe, Renee Tracy, Meryl Allen"
189,"Susan Davis, Groucho Dunst, Reese West"
161,"Kirk Jovovich, Rip Winslet, Spencer Peck, Liza Bergman, Gene Hopkins, Meryl Allen"
876,"Tom Mckellen, Tom Miranda, Laura Brody"
113,"Scarlett Bening, Russell Close"
632,"Natalie Hopkins, Christian Akroyd"
658,"Penelope Pinkett, Henry Berry, Angela Hudson, Liza Bergman, Geoffrey Heston, Jayne Silverstone"
120,"Ben Willis, Ellen Presley, Chris Bridges, Susan Davis, Jane Jackman, Kim Allen, Harvey Hope, Laurence Bullock"
578,"Christian Akroyd, Scarlett Damon, Renee Tracy, Ben Harris, John Suvari"
802,"Elvis Marx, Sissy Sobieski, Woody Jolie, Kirsten Akroyd, Walter Torn, Warren Jackman, Meryl Gibson, Greta Malden, Laura Brody, Laurence Bullock, Jon Chase, Audrey Bailey"
695,"Julia Mcqueen, Cuba Allen, Lucille Dee, Debbie Akroyd, Audrey Bailey"
815,"Joe Swank, Tim Hackman, Goldie Brody, Fay Kilmer, Spencer Depp, Kenneth Hoffman, Rock Dukakis, Bela Walken, Reese West"
440,"Meryl Gibson"
794,"Helen Voight, Audrey Olivier, Jada Ryder, Chris Depp, Laurence Bullock, Jayne Silverstone"
57,"Jessica Bailey, Penelope Monroe, Greta Keitel, Ewan Gooding, Emily Dee, Groucho Williams"
19,"Johnny Lollobrigida, Julia Mcqueen, Val Bolger, Kirk Jovovich, James Pitt, Penelope Cronyn"
160,"Tom Mckellen, Morgan Williams, Lisa Monroe, Debbie Akroyd"
644,"Bob Fawcett, Rip Crawford, Dustin Tautou, Ellen Presley, Harvey Hope, Al Garland"
824,"Chris Bridges, Vivien Basinger, Jeff Silverstone"
508,"Woody Hoffman, Val Bolger, Reese Kilmer, Julia Barrymore, Mena Temple, Christian Neeson, Burt Posey, Scarlett Damon, Walter Torn, Cameron Zellweger, Lucille Dee, Fay Winslet, Jayne Nolte, Mena Hopper, Julia Zellweger"
357,"Nick Wahlberg, Sandra Peck, Rip Winslet, Rita Reynolds"
769,"Matthew Johansson, Dan Harris, Mary Tandy, Mae Hoffman, Chris Depp, Ed Guiness, Jayne Silverstone, Reese West"
266,"Bob Fawcett, Charlize Dench, Julianne Dench, Ewan Gooding, Cuba Birch"
315,"Frances Day-Lewis, Rip Winslet, Matthew Leigh, Sidney Crowe, Cuba Birch"
307,"Mena Temple, Fay Kilmer, Dan Harris, Christian Neeson, Ray Johansson, Salma Nolte, Christopher West"
366,"Christian Gable, Lucille Tracy, Kevin Garland, Nick Degeneres"
841,"Johnny Lollobrigida, Susan Davis, Morgan Mcdormand, Morgan Williams, Will Wilson"
91,"Karl Berry, Cuba Olivier"
305,"Milla Peck, Jodie Degeneres, Angela Hudson, Morgan Mcdormand, Fay Winslet, Will Wilson"
54,"Johnny Lollobrigida, Lucille Tracy, Dustin Tautou, Jayne Neeson, Gene Willis, Audrey Bailey"
181,"Mena Temple, Christopher Berry, Morgan Hopkins, Ewan Gooding, Olympia Pfeiffer"
743,"Woody Hoffman, Sean Williams"
10,"Alec Wayne, Judy Dean, Val Bolger, Ray Johansson, Renee Tracy, Jada Ryder, Greta Malden, Rock Dukakis"
35,"Grace Mostel, Judy Dean, Daryl Wahlberg, Morgan Hopkins, Cuba Allen, Rita Reynolds, Ewan Gooding, Humphrey Garland"
963,"Val Bolger, Fay Kilmer, Cary Mcconaughey, Groucho Sinatra, Jeff Silverstone"
220,"Gina Degeneres, Liza Bergman, Ian Tandy"
822,"Matthew Leigh, Kim Allen"
823,"Michelle Mcconaughey, Gary Penn"
400,"Karl Berry, Anne Cronyn, Greta Malden"
175,"Christian Akroyd, Ralph Cruz, James Pitt, Albert Nolte, River Dean, Gene Mckellen"
241,"Vivien Bergen, Rip Crawford, Tom Mckellen, Dustin Tautou, Groucho Dunst, Vivien Basinger, Will Wilson"
596,"Jodie Degeneres, Carmen Hunt, William Hackman, Matthew Carrey, Gregory Gooding"
285,"Mena Temple, Penelope Pinkett, Matthew Leigh, Jayne Nolte, Fay Wood"
50,"Michelle Mcconaughey"
13,"Cary Mcconaughey, Christopher Berry, Kenneth Torn, Morgan Mcdormand, Jon Chase"
391,"Anne Cronyn, Greg Chaplin, Sean Guiness, Harrison Bale, Daryl Crawford, Debbie Akroyd"
487,"Kim Allen, Groucho Williams"
2,"Bob Fawcett, Minnie Zellweger, Sean Guiness, Chris Depp"
699,"Nick Stallone, Kirsten Akroyd, Ellen Presley, Cameron Zellweger, Jon Chase"
246,"Harrison Bale, Renee Tracy, Julianne Dench, Scarlett Bening, Kenneth Hoffman"
75,"Fay Kilmer, Jayne Nolte"
128,"Johnny Cage, Christian Akroyd, Kenneth Pesci, Dan Streep, Ian Tandy"
714,"Jennifer Davis, Lucille Tracy, Burt Dukakis, Reese Kilmer, Carmen Hunt, Jude Cruise, Angela Hudson, Spencer Depp, Harrison Bale, Harvey Hope, Nick Degeneres, Debbie Akroyd, Thora Temple"
344,"Karl Berry, Kirk Jovovich, Woody Jolie, Laura Brody"
906,"Rip Crawford, Sidney Crowe, Jada Ryder, River Dean, Renee Ball, Bela Walken"
909,"Jennifer Davis, Mary Tandy, Ellen Presley, Spencer Depp, Cate Harris, Albert Johansson, Oprah Kilmer"
745,"Cuba Olivier, Morgan Williams, Humphrey Garland, Burt Temple, Mary Keitel"
534,"Henry Berry, Gina Degeneres, Jayne Silverstone"
152,"Bob Fawcett, Matthew Carrey"
428,"Bob Fawcett, Frances Day-Lewis, Jayne Neeson, Groucho Sinatra, Mae Hoffman, Kenneth Torn, Harrison Bale, Albert Nolte"
637,"Grace Mostel, Julia Mcqueen, Sissy Sobieski, Jude Cruise, Milla Keitel, Gina Degeneres, Adam Hopper, Vivien Basinger, Julia Zellweger"
355,"Jennifer Davis"
747,"Johnny Cage, Rip Winslet, Milla Keitel, Lucille Dee, John Suvari"
222,"Goldie Brody, Henry Berry, Burt Posey, Liza Bergman, Renee Ball"
777,"Julia Barrymore, Ben Willis, Ellen Presley, Cameron Zellweger, Jayne Nolte, Jeff Silverstone"
164,"Bette Nicholson, Cameron Streep, Sissy Sobieski, Reese Kilmer, Frances Day-Lewis, Angela Witherspoon, Oprah Kilmer, Lisa Monroe, Burt Temple, Reese West"
922,"Tom Miranda, Frances Day-Lewis, Albert Johansson"
453,"Ed Chase, Zero Cage, Fred Costner, Burt Dukakis, Michelle Mcconaughey, Scarlett Damon, Woody Jolie, Kirsten Akroyd, Ellen Presley, Greta Keitel, Lucille Dee"
787,"Julia Barrymore, Woody Jolie, Susan Davis, Cate Harris, Humphrey Garland"
186,"Rip Crawford, Henry Berry, Scarlett Damon, Liza Bergman, Jada Ryder, Mary Keitel"
501,"Tom Mckellen, Jada Ryder, Geoffrey Heston"
750,"Bob Fawcett, Gary Phoenix, Dan Harris, Mae Hoffman, Woody Jolie, Sidney Crowe"
545,"Frances Day-Lewis, Scarlett Damon, Kirsten Akroyd, Susan Davis, Frances Tomei, Humphrey Willis, Mary Keitel"
182,"Bob Fawcett, Audrey Olivier, Charlize Dench"
18,"Reese Kilmer, Jada Ryder, Angela Witherspoon, Oprah Kilmer"
977,"Lucille Tracy, Anne Cronyn, Gina Degeneres, William Hackman"
528,"Uma Wood"
27,"Grace Mostel, Fay Kilmer, Jim Mostel, Susan Davis, Whoopi Hurt, Emily Dee, Meryl Gibson, Mena Hopper, Ed Guiness"
563,"Spencer Depp, Fay Winslet, Gene Mckellen"
143,"Mary Tandy, Burt Posey, Woody Jolie, Meg Hawke, Warren Jackman"
811,"Nick Wahlberg, Johnny Lollobrigida, Joe Swank, Anne Cronyn, Groucho Sinatra, Russell Temple, Ed Guiness, Jeff Silverstone"
496,"Angela Hudson, Jessica Bailey, Greta Malden, Laurence Bullock, Alan Dreyfuss, Michael Bening"
58,"Woody Hoffman, Nick Stallone, Mena Temple, Ben Willis, Gene Willis, Frances Tomei, Harvey Hope"
228,"Kenneth Torn, Angela Witherspoon, Julia Zellweger"
667,"Tim Hackman, Milla Peck, Gary Penn, Burt Posey, Groucho Williams"
814,"Scarlett Bening, Cate Mcqueen, Rita Reynolds"
668,"Audrey Olivier, Kenneth Pesci, Angela Witherspoon, Debbie Akroyd, Gregory Gooding"
294,"Elvis Marx, Daryl Wahlberg, Laurence Bullock"
850,"Zero Cage, Angelina Astaire, Spencer Depp, Harvey Hope, Russell Close"
481,"Nick Wahlberg, Dan Streep, Jada Ryder"
645,"Frances Day-Lewis, Natalie Hopkins, Burt Posey, Olympia Pfeiffer"
926,"Joe Swank, Frances Day-Lewis, Penelope Cronyn, Renee Tracy, Julianne Dench"
607,"Rip Winslet, Mae Hoffman, Chris Bridges, Penelope Cronyn, Harrison Bale, Cate Harris, Ben Harris, Al Garland"
382,"Cameron Zellweger, Kevin Garland, Geoffrey Heston"
438,"Penelope Guiness, Fred Costner, Audrey Olivier, Will Wilson"
258,"Vivien Bergen, Jude Cruise, Morgan Hopkins, Lucille Dee, Whoopi Hurt, Jeff Silverstone, Reese West"
853,"Helen Voight, Sandra Kilmer, Audrey Olivier, Val Bolger, Tom Mckellen, Dustin Tautou, Mae Hoffman, Michael Bening, Cuba Birch"
378,"Helen Voight, Rip Winslet, Matthew Leigh, Warren Nolte, Cuba Birch, Gregory Gooding"
483,"Elvis Marx, Vivien Basinger, William Hackman, Lisa Monroe"
84,"Dan Torn, Tim Hackman, Nick Stallone, Penelope Pinkett, Jim Mostel, Morgan Hopkins, Gregory Gooding, Julia Fawcett"
799,"Johnny Cage, Jodie Degeneres, Vivien Basinger"
276,"Kirk Jovovich, Angela Hudson, Meryl Gibson, Bela Walken"
646,"Alec Wayne, Ray Johansson, Mae Hoffman, James Pitt, Fay Wood"
379,"Jennifer Davis, Gary Penn, Warren Nolte, Harrison Bale, Fay Wood, Alan Dreyfuss, Renee Ball, Mary Keitel"
320,"Goldie Brody, Tom Miranda, Fay Kilmer, Kenneth Torn, Gene Willis, Jane Jackman, Rita Reynolds, Albert Johansson, Jon Chase"
942,"Jodie Degeneres, Matthew Leigh"
115,"Matthew Johansson, Reese Kilmer, Will Wilson"
97,"Angela Hudson"
108,"Cuba Olivier, Carmen Hunt, Groucho Dunst"
59,"Scarlett Damon, Penelope Cronyn, Ben Harris"
589,"Lucille Tracy, Judy Dean, James Pitt, Julianne Dench, Cate Harris"
127,"Helen Voight, Angela Witherspoon, Laura Brody, Renee Ball"
555,"Nick Wahlberg, Val Bolger, Cameron Zellweger, Vivien Basinger, Mary Keitel"
682,"Rip Crawford, Julia Mcqueen, Penelope Monroe, Audrey Bailey, John Suvari"
567,"Zero Cage, Tim Hackman, Parker Goldberg, Warren Nolte, Warren Jackman, Groucho Williams"
329,"Ed Chase, Rip Crawford, Daryl Wahlberg, Walter Torn, Mary Keitel"
44,"Dan Torn, Milla Keitel, Groucho Dunst, Burt Temple"
816,"Uma Wood, Woody Hoffman, Matthew Carrey"
676,"Mary Tandy, Sean Guiness"
153,"Kevin Bloom, Gary Phoenix, Jude Cruise, Cary Mcconaughey, Kenneth Torn, Russell Temple, Ben Harris, Ian Tandy"
778,"Reese Kilmer, Gene Willis, Renee Tracy, Whoopi Hurt, Kenneth Hoffman, William Hackman"
507,"Kirsten Paltrow, Warren Nolte, Greta Keitel, Matthew Carrey"
944,"Dan Torn, Alec Wayne, Nick Stallone, Julia Barrymore, Cameron Wray, Spencer Depp, Cate Mcqueen, Nick Degeneres"
214,"Milla Peck, Ed Mansfield, Lucille Dee, John Suvari"
847,"Vivien Bergen, Gary Phoenix, Cameron Zellweger, Liza Bergman, Minnie Kilmer, Kenneth Hoffman, Jeff Silverstone"
419,"Sandra Kilmer, Frances Tomei, Thora Temple"
664,"Carmen Hunt, Albert Nolte, Kim Allen, Renee Ball"
551,"Woody Hoffman, Christian Akroyd, Henry Berry, Woody Jolie, Kenneth Torn, Daryl Wahlberg, Jayne Nolte, Gregory Gooding"
532,"Matthew Johansson, Zero Cage, Woody Hoffman, Adam Grant, Vivien Basinger"
945,"Karl Berry, Sandra Peck, Cameron Wray, Jessica Bailey, Gene Willis, Penelope Cronyn, Albert Johansson, Thora Temple"
95,"Angelina Astaire, Russell Temple, Al Garland, Michael Bolger, Julia Zellweger"
948,"Vivien Bergen, Helen Voight, Al Garland"
259,"Woody Hoffman, Penelope Cronyn"
519,"Bette Nicholson, Alec Wayne, Christian Neeson, Ben Willis, Greg Chaplin, Will Wilson, Cuba Birch"
965,"Milla Peck, Dan Harris, Angela Hudson, Albert Nolte, Cate Mcqueen, Michael Bolger"
172,"Johnny Lollobrigida, Dan Torn, Julia Mcqueen, Alec Wayne, Audrey Olivier, Julia Barrymore, Gina Degeneres, Warren Jackman, Richard Penn"
409,"Gina Degeneres, Kim Allen, Oprah Kilmer, Christopher West, Matthew Carrey"
840,"Val Bolger, Natalie Hopkins, Rip Winslet, Mae Hoffman, Cate Harris, Vivien Basinger"
30,"Joe Swank, Christopher West, Lisa Monroe"
521,"Helen Voight, Johnny Cage, Dan Harris, Kenneth Torn, Walter Torn, Warren Jackman, Jon Chase"
3,"Nick Wahlberg, Bob Fawcett, Cameron Streep, Ray Johansson, Julianne Dench"
324,"Albert Nolte, Humphrey Willis, Debbie Akroyd, Bela Walken"
936,"Matthew Johansson, Dan Harris, Gary Penn, Susan Davis, Gene Hopkins"
981,"Sandra Kilmer, Jayne Neeson, Cameron Wray, Jessica Bailey, Morgan Hopkins, Greta Keitel"
921,"Ray Johansson, Morgan Hopkins, Jane Jackman, Russell Temple, Harvey Hope, Alan Dreyfuss, Matthew Carrey"
249,"Nick Wahlberg, Jodie Degeneres, Carmen Hunt, Cameron Wray, Michelle Mcconaughey, Sean Williams, Ben Willis, Greg Chaplin, Morgan Hopkins, Daryl Crawford, Morgan Williams, Ian Tandy, Reese West"
255,"Matthew Johansson, Vivien Bergen, Rip Winslet, Susan Davis, Penelope Monroe, Nick Degeneres, Will Wilson"
209,"Gene Willis, Gina Degeneres"
639,"Christian Neeson, Matthew Leigh, Groucho Dunst, Lucille Dee, Groucho Williams, Debbie Akroyd"
984,"Dustin Tautou, Susan Davis, Penelope Cronyn, Humphrey Willis"
296,"Alec Wayne, Parker Goldberg, Rip Winslet, Sean Williams, Minnie Zellweger, Albert Johansson, Olympia Pfeiffer, Gregory Gooding"
74,"Joe Swank, Woody Hoffman, Daryl Wahlberg, Ewan Gooding, Alan Dreyfuss, Matthew Carrey"
937,"Nick Stallone, Mena Temple, Burt Temple"
138,"Gina Degeneres, Michael Bolger"
868,"Johnny Cage, Dan Harris, Sean Guiness, Warren Jackman, Richard Penn, Mena Hopper, Matthew Carrey"
34,"Karl Berry, Rip Crawford, Julia Mcqueen, Johnny Cage, Jude Cruise, Sean Williams, Burt Posey, Walter Torn, Russell Bacall, Frances Tomei, Greta Malden, Lisa Monroe"
418,"Vivien Bergen, Elvis Marx, Dustin Tautou, Walter Torn, Warren Jackman, Daryl Crawford, Laura Brody, Reese West"
947,"Mena Temple, Meg Hawke, Russell Temple, Christopher West, Al Garland"
761,"Kenneth Paltrow, Scarlett Damon, Minnie Zellweger, Russell Temple, Olympia Pfeiffer, Michael Bolger"
972,"Milla Peck, Jessica Bailey, Bela Walken"
978,"Sissy Sobieski, Reese Kilmer, Woody Jolie, Jim Mostel, Susan Davis, Laura Brody, William Hackman"
407,"Reese Kilmer, Parker Goldberg, Anne Cronyn, Carmen Hunt, Cameron Zellweger, Cate Mcqueen, Ian Tandy"
90,"Rip Crawford, Audrey Olivier, Kirsten Akroyd, Morgan Mcdormand, Dan Streep, Ewan Gooding, Angela Witherspoon, Harvey Hope"
904,"Rip Crawford, Julia Mcqueen, Penelope Cronyn, Adam Hopper"
443,"Kirsten Akroyd, Russell Bacall, Fay Winslet"
387,"Burt Dukakis, Groucho Sinatra, Ian Tandy, Will Wilson, Matthew Carrey"
39,"Angela Hudson, James Pitt, Penelope Cronyn, Cuba Allen, Kim Allen, Gene Mckellen, Gregory Gooding"
690,"Daryl Wahlberg, Gene Hopkins, River Dean"
526,"Walter Torn, Harvey Hope"
393,"Ed Chase, Audrey Olivier, Jude Cruise, Jayne Neeson, Groucho Sinatra, Sylvester Dern, Angela Witherspoon"
524,"Uma Wood, Penelope Pinkett, Bela Walken"
312,"Tim Hackman, Frances Day-Lewis, James Pitt, Spencer Peck, Daryl Wahlberg, Meg Hawke, Russell Bacall, Scarlett Bening, Cate Mcqueen, Angela Witherspoon, Ian Tandy"
498,"Burt Posey, Angelina Astaire, Daryl Wahlberg, Whoopi Hurt, Meryl Allen"
862,"Alec Wayne, Dan Harris, Dustin Tautou, Angelina Astaire, Meg Hawke, Ewan Gooding, Cate Harris, Russell Close"
494,"Johnny Cage, Susan Davis, Julianne Dench, Jane Jackman, Jada Ryder, Kim Allen, Michael Bolger, Jayne Silverstone"
469,"Helen Voight, Anne Cronyn, Ray Johansson, Groucho Dunst, Frances Tomei, Chris Depp, Harvey Hope, Humphrey Willis"
683,"Goldie Brody, Angela Hudson, Albert Nolte, Gene Hopkins, Gene Mckellen"
118,"Zero Cage, Val Bolger, Ralph Cruz, Spencer Depp, Matthew Leigh, Russell Temple"
608,"Kirk Jovovich, Mary Tandy, Christopher Berry, Susan Davis, Cameron Zellweger, Whoopi Hurt, Jada Ryder, Olympia Pfeiffer"
317,"Val Bolger, Jude Cruise, Adam Grant, James Pitt, Frances Tomei"
793,"Woody Hoffman, Sissy Sobieski, Tom Mckellen, Mary Tandy"
702,"Kirsten Paltrow, Dustin Tautou, Susan Davis, Warren Nolte, Greta Keitel, Whoopi Hurt, Angela Witherspoon"
488,"Alec Wayne, Charlize Dench"
126,"Cameron Streep, Mena Temple, Daryl Wahlberg, Groucho Dunst, Susan Davis"
194,"Cameron Streep, Jodie Degeneres, Scarlett Damon, Chris Bridges, Walter Torn, Groucho Dunst, Cameron Zellweger, Morgan Mcdormand, Frances Tomei, Lisa Monroe"
360,"Matthew Leigh, Susan Davis, Al Garland, Michael Bolger"
463,"Jennifer Davis, Grace Mostel, Cameron Streep, Johnny Cage, Reese Kilmer, Parker Goldberg, Penelope Cronyn, Sylvester Dern, Richard Penn, Geoffrey Heston, Ed Guiness"
99,"Frances Day-Lewis, Angela Witherspoon"
476,"Goldie Brody, Natalie Hopkins, Angela Hudson, Ben Harris, Minnie Kilmer"
629,"Kim Allen, Jayne Nolte"
883,"Dan Torn, Nick Stallone, Chris Depp"
726,"Christian Akroyd, Jessica Bailey, Jim Mostel, Morgan Hopkins, Scarlett Bening, Kim Allen, Jon Chase, Gene Mckellen"
374,"Johnny Cage, Christian Neeson, Kenneth Paltrow, Gary Penn, Sean Guiness, Audrey Bailey"
224,"Cary Mcconaughey, Renee Tracy, Morgan Williams, Renee Ball"
719,"Jayne Neeson, Ben Willis, Morgan Hopkins, Rita Reynolds, Ewan Gooding, Christopher West, William Hackman, Meryl Allen"
318,"Sandra Peck, Matthew Leigh, Fay Winslet, Ben Harris, Olympia Pfeiffer"
756,"Bob Fawcett, Adam Hopper, Minnie Kilmer"
933,"Johnny Cage, Meg Hawke, Richard Penn, Ed Mansfield, Alan Dreyfuss"
647,"Dan Streep, Jane Jackman, Whoopi Hurt, Jayne Nolte"
442,"Cary Mcconaughey, Sean Guiness, Julianne Dench, Michael Bening, William Hackman"
354,"Dan Harris, Kenneth Torn, Kevin Garland, Russell Temple, Renee Ball"
12,"Val Bolger, Burt Posey, Sidney Crowe, Sylvester Dern, Albert Johansson, Gene Mckellen, Jeff Silverstone"
593,"Karl Berry, Julia Mcqueen, Dan Harris, Julianne Dench, Fay Wood, Rock Dukakis"
479,"James Pitt, Liza Bergman, Julianne Dench, Jane Jackman"
293,"Goldie Brody, Angela Witherspoon, Kim Allen, Vivien Basinger, Gregory Gooding"
495,"Vivien Bergen, Elvis Marx, Warren Nolte, Russell Close"
154,"Uma Wood, Vivien Bergen, Helen Voight, Milla Peck, Liza Bergman, Kim Allen, Alan Dreyfuss"
234,"Angelina Astaire, Kenneth Pesci, Julianne Dench, Audrey Bailey"
657,"Jodie Degeneres, Penelope Cronyn, Sylvester Dern, Jeff Silverstone"
474,"Carmen Hunt, Dan Harris, Angelina Astaire, Cameron Zellweger, Ed Mansfield, Meryl Gibson, Renee Ball, Thora Temple"
899,"Cate Mcqueen, Adam Hopper, Russell Temple, Cuba Birch"
935,"Sandra Kilmer, Angelina Astaire"
675,"Carmen Hunt, Groucho Dunst"
748,"Judy Dean, Gary Penn, Daryl Wahlberg, Morgan Hopkins, Kim Allen, Cuba Birch"
696,"Goldie Brody, Warren Nolte, Cate Mcqueen, Greta Malden"
969,"Zero Cage, Cameron Streep, Sean Williams, Cary Mcconaughey, Morgan Hopkins, Cuba Allen, Albert Johansson, Humphrey Garland, Gregory Gooding"
264,"Mary Keitel"
270,"Kenneth Torn, Richard Penn, Jayne Nolte"
898,"Penelope Monroe, Ben Harris, Olympia Pfeiffer"
435,"Sandra Kilmer, Rip Winslet, Susan Davis, Renee Ball"
384,"Sean Guiness, Dan Streep, Cuba Allen, Albert Johansson"
351,"Grace Mostel, Julia Barrymore, Walter Torn, Richard Penn, Fay Winslet"
116,"Sandra Kilmer, Sidney Crowe, Morgan Hopkins, Thora Temple"
970,"Penelope Guiness, Vivien Bergen, Penelope Pinkett, Charlize Dench, Kevin Garland, Lucille Dee"
732,"Johnny Lollobrigida, Rip Crawford, Sandra Peck, Judy Dean, Natalie Hopkins, Sylvester Dern, Cameron Zellweger, Morgan Hopkins, Minnie Kilmer, Ed Guiness, Jeff Silverstone"
837,"Walter Torn, Bela Walken"
826,"Bette Nicholson, Sandra Kilmer, Meg Hawke, Daryl Crawford, Chris Depp, Will Wilson"
431,"Sissy Sobieski, Tim Hackman, Goldie Brody, Daryl Wahlberg, Walter Torn, Daryl Crawford, Greta Keitel, Fay Winslet, Greta Malden, Humphrey Willis"
911,"Woody Jolie, Penelope Monroe, Kevin Garland, Matthew Carrey"
491,"Elvis Marx, Sandra Kilmer, Angela Hudson, James Pitt, Susan Davis, Salma Nolte, Cate Harris, Alan Dreyfuss"
462,"Dan Torn, Julia Mcqueen, Alec Wayne, Kirk Jovovich, Dan Harris, Cate Mcqueen, Fay Wood, Burt Temple, Thora Temple"
734,"Helen Voight, Kirsten Paltrow, Julia Barrymore, Gary Phoenix, Chris Bridges, Albert Johansson, Laurence Bullock, Cuba Birch"
855,"Sandra Kilmer, Sean Guiness, Daryl Wahlberg"
436,"Alec Wayne, Henry Berry, Burt Posey, Ralph Cruz, Kirsten Akroyd, Jane Jackman"
180,"Kirk Jovovich, Minnie Kilmer, Christopher West, Mena Hopper"
870,"Jessica Bailey, Burt Posey, Angelina Astaire, Woody Jolie, Spencer Peck, Matthew Carrey"
967,"Ed Chase, Fred Costner, Julia Mcqueen, Jim Mostel, Spencer Depp, Sylvester Dern, Greta Malden, Vivien Basinger, Humphrey Garland, Reese West"
626,"Cuba Olivier, Milla Keitel, Adam Hopper, Vivien Basinger, Laurence Bullock, Will Wilson"
263,"Matthew Johansson, Woody Hoffman, Milla Keitel, Ben Willis, Susan Davis, Scarlett Bening, Frances Tomei, Morgan Williams, Fay Wood"
836,"Audrey Olivier, Parker Goldberg, Milla Keitel, Frances Tomei, Matthew Carrey"
784,"Lucille Tracy, Jodie Degeneres, Nick Stallone, Henry Berry, Ben Willis, Dan Streep, Laura Brody, Julia Fawcett"
470,"Kirsten Akroyd, Salma Nolte, Jada Ryder, John Suvari"
711,"Bob Fawcett, Minnie Zellweger, John Suvari"
780,"Christian Neeson, Milla Keitel, Burt Posey, Groucho Dunst, Liza Bergman, Michael Bening"
768,"Parker Goldberg, Ellen Presley, Cate Harris, Emily Dee, Ben Harris, Ian Tandy, Renee Ball"
838,"Karl Berry, Sandra Peck, Woody Jolie, Sean Guiness, Kirsten Akroyd, Morgan Hopkins"
149,"Penelope Monroe, Emily Dee, Thora Temple"
478,"Helen Voight, Lucille Tracy, Parker Goldberg, Minnie Zellweger, Greta Keitel"
577,"Mena Temple, Angela Hudson, Julianne Dench"
505,"Tom Miranda, Groucho Sinatra, Scarlett Damon, Kirsten Akroyd, Groucho Dunst, Kenneth Hoffman"
280,"Cuba Olivier, Fred Costner, Helen Voight, Dan Torn, Ray Johansson, Ralph Cruz, Ellen Presley, Sidney Crowe, Richard Penn"
88,"Kirsten Paltrow, Sissy Sobieski, Nick Stallone, Dustin Tautou, Ray Johansson, Kenneth Paltrow, Dan Streep, Rita Reynolds, Meryl Allen"
188,"Sissy Sobieski, Woody Jolie, Meg Hawke, Russell Bacall, Morgan Mcdormand, Albert Nolte, Cate Harris, Russell Temple, Vivien Basinger, Harvey Hope, Will Wilson, Alan Dreyfuss, Gene Mckellen"
461,"Gary Phoenix, Minnie Zellweger, Jon Chase, Gregory Gooding"
240,"Cary Mcconaughey"
328,"Jada Ryder"
525,"Audrey Olivier, Gary Phoenix, Susan Davis, Morgan Hopkins, Greta Keitel"
717,"Fred Costner, Dan Torn, Lucille Tracy, Natalie Hopkins, Jude Cruise, Kenneth Pesci, Penelope Monroe, Laurence Bullock"
634,"Elvis Marx, Mae Hoffman, Chris Bridges, Geoffrey Heston, Kenneth Hoffman"
650,"Johnny Lollobrigida, Joe Swank, Dustin Tautou, Angelina Astaire, Susan Davis, Cate Mcqueen, Ed Guiness, Humphrey Garland"
703,"Christian Gable, Goldie Brody, Christian Neeson, James Pitt, Harrison Bale, Morgan Williams, Geoffrey Heston"
210,"Dustin Tautou, Morgan Mcdormand, Richard Penn, Greta Malden"
226,"Nick Wahlberg, Sandra Kilmer, Kevin Bloom, Alec Wayne, Dan Harris, Mary Tandy, Emily Dee"
710,"Scarlett Damon, Chris Bridges, Renee Tracy, Albert Nolte, Kevin Garland, Jada Ryder, Groucho Williams"
48,"Christian Akroyd, Spencer Peck, Christopher Berry, Sylvester Dern, Dan Streep, Kevin Garland, Jane Jackman"
843,"Uma Wood, James Pitt, Mary Keitel"
447,"Mena Temple, Jude Cruise, Christopher Berry, Ewan Gooding, Jayne Nolte, Olympia Pfeiffer"
298,"Dan Harris, Renee Tracy, Fay Winslet, Michael Bening, Jayne Silverstone"
81,"Burt Dukakis, Chris Bridges, Adam Hopper"
954,"Woody Jolie, Sidney Crowe, Meryl Gibson, Chris Depp, Kenneth Hoffman"
800,"Helen Voight, Christian Akroyd, Laura Brody, Laurence Bullock"
204,"Joe Swank, Kevin Bloom, Val Bolger, Groucho Dunst, Albert Nolte, Al Garland"
5,"Gary Phoenix, Dustin Tautou, Matthew Leigh, Matthew Carrey, Thora Temple"
456,"Uma Wood, Fred Costner, Goldie Brody, Parker Goldberg, Matthew Carrey"
796,"Jim Mostel, Walter Torn, Gina Degeneres, Russell Bacall, Mary Keitel"
531,"Lucille Tracy, Harrison Bale, Meryl Allen, Reese West"
283,"Zero Cage, Burt Dukakis, Mary Tandy, Sidney Crowe, Christopher West"
807,"Ralph Cruz, Christopher Berry, Morgan Mcdormand, Harvey Hope, Al Garland, Will Wilson, Burt Temple"
624,"Walter Torn, Gene Hopkins"
546,"Tom Miranda, Penelope Pinkett, Daryl Wahlberg, Matthew Carrey"
297,"Henry Berry, Minnie Zellweger, Chris Bridges, Liza Bergman, Fay Wood, Nick Degeneres, Renee Ball"
686,"Kirsten Paltrow, Ben Willis, Kirsten Akroyd, Chris Bridges, Sidney Crowe, Harrison Bale, Ed Mansfield"
681,"Humphrey Willis"
361,"Penelope Guiness, Mary Tandy, Albert Nolte, River Dean, Ian Tandy, Nick Degeneres, John Suvari, Jayne Silverstone"
303,"Natalie Hopkins, Greg Chaplin, Sean Guiness, Ian Tandy, Greta Malden, Christopher West, Jon Chase, Bela Walken, Mary Keitel"
974,"Joe Swank, Gary Phoenix, Lisa Monroe, Reese West"
829,"Cameron Streep, Parker Goldberg, Natalie Hopkins, Mary Tandy, Christopher Berry, Chris Bridges, Russell Bacall, Cate Harris"
785,"Bob Fawcett, Val Bolger, Kenneth Pesci, Sylvester Dern, Renee Tracy, Scarlett Bening, Angela Witherspoon, Ian Tandy, Christopher West, Julia Fawcett"
643,"Lucille Tracy, Scarlett Damon, Matthew Leigh, Cameron Zellweger"
472,"Vivien Bergen, Audrey Bailey"
444,"Alec Wayne, Angelina Astaire, Minnie Kilmer, Christopher West"
233,"Johnny Cage, Julia Barrymore, Adam Grant, Penelope Cronyn, Ewan Gooding, Jayne Nolte, Matthew Carrey"
537,"Vivien Bergen, Reese Kilmer, Christian Neeson, Milla Keitel, Mena Hopper, Lisa Monroe, Thora Temple"
93,"Rip Crawford, Kenneth Hoffman"
89,"Cuba Olivier, Elvis Marx, Kirk Jovovich, Scarlett Damon, Daryl Crawford, Harvey Hope, Jon Chase"
373,"Ewan Gooding, Whoopi Hurt"
252,"Milla Peck, Jodie Degeneres, Humphrey Willis, Jon Chase"
343,"Michelle Mcconaughey, Cary Mcconaughey, Ralph Cruz, Susan Davis, Scarlett Bening, Laura Brody"
31,"Nick Wahlberg, Cuba Olivier, Anne Cronyn, Henry Berry"
723,"Alec Wayne, Johnny Cage, Morgan Hopkins"
497,"Kirsten Paltrow, Rip Winslet, Woody Jolie, Albert Nolte, River Dean"
884,"Liza Bergman, Humphrey Willis"
155,"Karl Berry, Fred Costner, Ewan Gooding, Kim Allen, Fay Wood, William Hackman, John Suvari"
722,"Joe Swank, Kenneth Paltrow, Penelope Monroe, Michael Bening"
609,"Sean Williams, Matthew Leigh, Groucho Williams, Jeff Silverstone, Matthew Carrey"
953,"Woody Hoffman, Michelle Mcconaughey, Kevin Garland, Angela Witherspoon, Kim Allen, Jayne Nolte, Olympia Pfeiffer, Burt Temple, Julia Fawcett"
416,"Karl Berry, Reese Kilmer, Christopher Berry, Greta Keitel, Mena Hopper"
195,"Matthew Johansson, Anne Cronyn, Jeff Silverstone, Matthew Carrey"
199,"Helen Voight, Cameron Streep, Tim Hackman, Christian Akroyd, Spencer Peck, Matthew Leigh, Frances Tomei, Jada Ryder"
369,"Nick Wahlberg, Johnny Lollobrigida, Elvis Marx, Ben Willis, Gina Degeneres, Susan Davis, Frances Tomei, Reese West"
441,"Ed Chase, Jon Chase, Jeff Silverstone, Renee Ball"
243,"Karl Berry, Lucille Tracy, Natalie Hopkins, Christian Akroyd, Sylvester Dern, Gene Hopkins, Ed Mansfield, Kim Allen, Reese West"
902,"Bette Nicholson, Nick Stallone, Milla Keitel"
740,"Harrison Bale, Cate Harris, Jon Chase"
892,"Bette Nicholson, Dan Harris, Penelope Cronyn, Warren Nolte, Julianne Dench, Ewan Gooding, Jayne Nolte, Geoffrey Heston, Will Wilson, Olympia Pfeiffer, Matthew Carrey, Mary Keitel"
856,"Vivien Bergen, Sandra Kilmer, Christian Akroyd, Michelle Mcconaughey, Ellen Presley, Russell Bacall, Laurence Bullock"
230,"Jodie Degeneres, Mary Tandy, Mae Hoffman, Daryl Crawford"
503,"Johnny Lollobrigida, Bette Nicholson, Fred Costner, Julia Mcqueen, Reese Kilmer, Milla Keitel, Woody Jolie, Julianne Dench"
78,"Sandra Kilmer, Cary Mcconaughey, Cameron Zellweger, Kenneth Hoffman, Matthew Carrey"
573,"Helen Voight, Mena Temple, Ellen Presley, Kevin Garland, Greta Malden, Jon Chase"
987,"Gene Willis, Susan Davis, Scarlett Bening, Adam Hopper, Fay Winslet, Ian Tandy"
994,"Bette Nicholson, Woody Hoffman, Sidney Crowe, Harrison Bale, Penelope Monroe, Julia Zellweger"
852,"Jude Cruise, Ray Johansson, Angela Hudson, Groucho Sinatra, Walter Torn, Cuba Allen, Alan Dreyfuss, Michael Bening, Ed Guiness"
250,"Anne Cronyn, Spencer Peck, Jim Mostel, Spencer Depp, Susan Davis, Albert Nolte, Gene Hopkins, Ed Guiness"
611,"Ben Harris"
621,"Kirk Jovovich, Natalie Hopkins, Ellen Presley"
865,"Johnny Lollobrigida, Joe Swank, Tom Miranda, Sean Williams, Russell Bacall"
962,"Lucille Tracy, Cameron Zellweger, Daryl Crawford, Jayne Nolte, Al Garland, Jayne Silverstone"
106,"Penelope Guiness, Angela Hudson, Scarlett Bening, Alan Dreyfuss"
178,"Cameron Streep, Natalie Hopkins, Scarlett Damon, Renee Tracy, Fay Winslet, Russell Temple, Vivien Basinger"
795,"Cuba Olivier, Rip Crawford, Natalie Hopkins, Dan Harris, Sidney Crowe, Salma Nolte, Bela Walken"
809,"Cameron Wray, James Pitt, Greta Keitel, Jane Jackman, Al Garland, Michael Bening, Jeff Silverstone"
8,"Fay Kilmer, Gene Willis, Susan Davis, Lucille Dee"
585,"Cameron Streep, Sissy Sobieski, Tim Hackman, Christian Neeson, Matthew Leigh, Groucho Dunst"
934,"Groucho Dunst, Whoopi Hurt"
908,"Vivien Bergen, Woody Hoffman, Kenneth Pesci, Albert Nolte, Humphrey Willis, William Hackman, Bela Walken"
708,"Fay Winslet, Lisa Monroe, Audrey Bailey, John Suvari"
455,"Fred Costner, Rita Reynolds, Chris Depp"
370,"Vivien Bergen, Sandra Kilmer, Meg Hawke, Frances Tomei, Whoopi Hurt, Geoffrey Heston, Reese West"
684,"Daryl Crawford, Harvey Hope, Gene Mckellen, Humphrey Garland, Bela Walken"
713,"Tom Miranda, Dustin Tautou, Kenneth Torn, Jane Jackman, Kim Allen, Greta Malden"
448,"Tom Mckellen, Parker Goldberg, Ray Johansson, Fay Wood, Humphrey Willis, Michael Bolger"
930,"Christian Gable, Fay Kilmer, Meg Hawke, Greta Keitel, Adam Hopper, Lisa Monroe"
396,"Matthew Johansson, Johnny Cage, Rip Winslet, Kenneth Paltrow, Angela Witherspoon, Meryl Gibson, Rock Dukakis"
701,"Olympia Pfeiffer"
132,"Nick Wahlberg, Gene Hopkins"
514,"Joe Swank, Richard Penn, Albert Johansson"
322,"Nick Stallone, Gary Penn, Kenneth Torn, Jim Mostel, Russell Bacall, Morgan Hopkins, Scarlett Bening, Mena Hopper, Rock Dukakis"
854,"Zero Cage, Julia Mcqueen, Nick Stallone, Sean Williams, Jayne Nolte"
389,"Audrey Olivier, Judy Dean, Scarlett Damon, Russell Close"
916,"Mae Hoffman, Ellen Presley, Reese West"
863,"Dan Torn, Lucille Tracy, Sylvester Dern, Cate Harris, Jada Ryder"
114,"Jude Cruise, Albert Nolte"
60,"Bette Nicholson, Jodie Degeneres, Angelina Astaire, Kenneth Torn, Susan Davis"
289,"Ed Chase, Susan Davis, Scarlett Bening, Kenneth Hoffman, Gene Mckellen, Rock Dukakis"
754,"Nick Wahlberg, Milla Peck, Johnny Cage, Penelope Pinkett, Henry Berry, Harrison Bale, Fay Wood"
518,"Nick Wahlberg, Mena Temple, Christian Neeson, Meg Hawke, Fay Wood, Michael Bolger"
65,"Tim Hackman, Reese Kilmer, Daryl Wahlberg, Rita Reynolds, Ed Guiness"
583,"Fred Costner, Kevin Bloom, Tom Mckellen, Penelope Cronyn, Lucille Dee"
693,"Warren Nolte, Warren Jackman, Cate Mcqueen, Jane Jackman, Whoopi Hurt, Al Garland, Audrey Bailey"
98,"Cameron Zellweger, Albert Nolte, Renee Ball, Meryl Allen"
744,"Johnny Cage, Burt Posey, Ellen Presley, Walter Torn, Warren Nolte, Cameron Zellweger, Ewan Gooding, Groucho Williams, Lisa Monroe, Matthew Carrey"
715,"Rip Crawford, Burt Dukakis, Penelope Monroe, Russell Close"
527,"Lucille Tracy, Tom Miranda, Scarlett Damon, Woody Jolie, Kim Allen, Geoffrey Heston"
490,"Jennifer Davis, Bob Fawcett, Nick Stallone, Gary Phoenix, Mena Temple, Jim Mostel"
235,"Sandra Kilmer, Christian Akroyd, Henry Berry, Christian Neeson, Alan Dreyfuss, Gene Mckellen"
763,"Cameron Wray, Groucho Dunst, Kevin Garland, Gene Mckellen, John Suvari"
627,"Gary Phoenix, Gary Penn, Daryl Wahlberg, Lucille Dee, Minnie Kilmer"
119,"Helen Voight, Audrey Olivier, Val Bolger, Christian Akroyd, Kevin Garland, Cate Mcqueen, Burt Temple"
306,"Milla Peck, Natalie Hopkins, Christian Akroyd, Kenneth Paltrow, Woody Jolie, Charlize Dench, Scarlett Bening, Jayne Nolte, Nick Degeneres"
286,"Johnny Lollobrigida, Sandra Peck, Sean Williams, Julianne Dench, Kevin Garland, Richard Penn, Al Garland, Matthew Carrey, Michael Bolger"
376,"Carmen Hunt, Henry Berry, Mary Tandy, Lucille Dee, Burt Temple"
147,"Joe Swank, Rip Crawford, Kirk Jovovich, Jane Jackman, Reese West"
860,"Ray Johansson, Julianne Dench, Frances Tomei"
480,"Ed Chase, Christian Gable, Woody Jolie, Christopher Berry, Julianne Dench, Minnie Kilmer"
338,"Tom Mckellen, Angela Hudson, Kirsten Akroyd, Gina Degeneres, Dan Streep, Liza Bergman, Albert Nolte, Richard Penn, Rock Dukakis"
358,"Woody Hoffman, Mena Temple, Meg Hawke, Cate Harris, Mena Hopper, Burt Temple"
412,"Ben Willis, Dan Streep, Warren Jackman, Rock Dukakis, Burt Temple"
26,"Adam Grant, Cate Mcqueen, Greta Keitel"
989,"Val Bolger, Kenneth Torn, Lucille Dee, Geoffrey Heston, Rock Dukakis"
950,"Audrey Olivier, Gary Penn, Kenneth Torn, Chris Depp, Reese West"
564,"Kevin Bloom, Rip Crawford, Scarlett Damon, Charlize Dench, Kirsten Akroyd, Cate Mcqueen, Morgan Williams, Kenneth Hoffman, Alan Dreyfuss"
72,"Dustin Tautou, Minnie Zellweger, Chris Bridges, Russell Temple, Al Garland, Laurence Bullock"
535,"Johnny Lollobrigida, Tom Miranda, Christian Neeson, Greta Malden"
642,"Angelina Astaire, Spencer Depp, Morgan Hopkins, Penelope Monroe, Greta Malden, Kenneth Hoffman, Humphrey Garland"
77,"Sandra Peck, Gary Penn, Sylvester Dern, Whoopi Hurt"
232,"Vivien Bergen, Scarlett Damon, River Dean, Geoffrey Heston, Meryl Allen"
725,"Anne Cronyn, Mena Temple, Mary Tandy, Jessica Bailey, Michelle Mcconaughey, Chris Bridges, Julianne Dench, Greta Keitel"
131,"Alec Wayne, Fay Winslet, Geoffrey Heston, Ed Guiness"
310,"Helen Voight, Fay Winslet, Audrey Bailey"
37,"Karl Berry, Ray Johansson, Russell Bacall, Greta Keitel"
832,"Penelope Guiness, Jennifer Davis, Uma Wood, Cameron Streep, Christian Neeson, Ray Johansson, Gene Willis, Morgan Williams, Humphrey Willis, Al Garland"
907,"Tom Miranda, Laura Brody, Matthew Carrey"
584,"Carmen Hunt, Michelle Mcconaughey, Dan Streep, Albert Nolte, Ian Tandy, Michael Bolger"
746,"Penelope Monroe, Ewan Gooding, Jon Chase, Reese West"
353,"Tom Mckellen, Daryl Wahlberg, Morgan Hopkins, Liza Bergman, Rita Reynolds, Greta Malden, Harvey Hope, Ed Guiness"
806,"Grace Mostel, Adam Hopper, Richard Penn, Ed Mansfield, Audrey Bailey, Mary Keitel"
939,"Penelope Guiness, Dan Streep, Warren Jackman, Bela Walken"
834,"Rip Winslet, Michelle Mcconaughey, Milla Keitel, Daryl Crawford, Humphrey Willis, Gregory Gooding, Burt Temple"
831,"Goldie Brody, Christian Neeson, Sidney Crowe, Gina Degeneres, Renee Tracy"
813,"Daryl Wahlberg, Jayne Silverstone"
574,"Woody Hoffman, Milla Peck, Adam Grant, James Pitt, Gina Degeneres, Geoffrey Heston, Greta Malden, Oprah Kilmer, Humphrey Garland"
225,"Grace Mostel, Rip Crawford, Cameron Wray"
333,"Tom Miranda, Matthew Leigh, Sidney Crowe, Kevin Garland, Fay Winslet"
174,"Parker Goldberg, Sylvester Dern"
45,"Uma Wood, Rip Winslet, Gary Penn, Christopher West"
891,"Gary Phoenix, Jude Cruise, Ben Harris, Christopher West"
134,"Frances Day-Lewis, Jude Cruise, Cameron Wray, Gene Willis"
918,"Natalie Hopkins, Jude Cruise, Adam Grant"
36,"Julia Barrymore, Gary Penn, Gene Willis, Dan Streep, Kevin Garland"
975,"Reese Kilmer, James Pitt"
848,"Milla Keitel"
102,"Vivien Basinger, Mena Hopper, Rock Dukakis"
430,"Elvis Marx, Mae Hoffman, Gene Willis, Gina Degeneres"
158,"Matthew Johansson, Angela Hudson, Sidney Crowe, Salma Nolte, Meryl Gibson"
533,"Kirk Jovovich, Kenneth Torn, Cuba Birch"
915,"Burt Dukakis, Carmen Hunt, Mary Tandy, Jessica Bailey, Sidney Crowe, Gene Hopkins"
459,"Renee Tracy, Kevin Garland, Ian Tandy"
207,"Anne Cronyn, Mary Tandy, Ralph Cruz, Spencer Peck, Kirsten Akroyd, Daryl Wahlberg, Cate Harris, Albert Johansson"
123,"Kirsten Akroyd, Walter Torn, Angela Witherspoon, Reese West"
979,"Ralph Cruz, Spencer Depp, Walter Torn, Reese West"
871,"Karl Berry, Kevin Bloom, Mary Tandy, Albert Johansson, Mary Keitel"
881,"Milla Peck, Kenneth Pesci, Groucho Dunst, Jane Jackman, Christopher West"
385,"Uma Wood, Julia Barrymore, Jayne Neeson, Adam Grant, Sean Guiness, Richard Penn, Groucho Williams"
492,"Lucille Tracy, Mena Temple, Burt Posey, Dan Streep, Humphrey Garland, Cuba Birch"
544,"Rip Crawford, Jodie Degeneres, Walter Torn, Gregory Gooding, Thora Temple"
365,"Groucho Dunst, Russell Temple"
704,"Cameron Streep, Milla Keitel"
157,"Spencer Peck, Sylvester Dern, Salma Nolte, Kevin Garland, Lucille Dee"
606,"Helen Voight, Kevin Bloom, Tim Hackman, Goldie Brody, Angelina Astaire, Spencer Peck, Walter Torn, Sidney Crowe, Gina Degeneres, Russell Bacall, Dan Streep, Rock Dukakis, Audrey Bailey"
308,"Sissy Sobieski"
618,"Ed Chase, Grace Mostel, Milla Peck, Tom Mckellen, Kirsten Akroyd, Jim Mostel, Michael Bening, John Suvari"
880,"Karl Berry, Helen Voight, Julia Mcqueen, Sissy Sobieski, Groucho Sinatra, Sean Guiness, Jayne Nolte, Geoffrey Heston, Vivien Basinger, Harvey Hope, Michael Bolger"
313,"Helen Voight, Penelope Cronyn, Alan Dreyfuss, Russell Close"
140,"Penelope Guiness, Lucille Tracy"
137,"Greg Chaplin, Kirsten Akroyd, Warren Nolte"
248,"Natalie Hopkins, Cameron Wray, Jada Ryder, Ben Harris, Laura Brody, Kenneth Hoffman"
208,"Karl Berry, Bob Fawcett, Cameron Wray, Warren Nolte, Penelope Monroe, Greta Keitel, Meryl Gibson, Laura Brody, Will Wilson, Julia Zellweger"
614,"Warren Jackman, Cate Mcqueen, John Suvari"
24,"Tom Mckellen, Tom Miranda, Jessica Bailey, Greta Malden, Ed Guiness"
392,"Johnny Lollobrigida, Rip Crawford, Cameron Wray, Gina Degeneres, Jayne Silverstone"
191,"Joe Swank, Christian Gable, Cate Harris, Albert Johansson, Laurence Bullock, William Hackman"
966,"Ed Chase, Christian Gable, Uma Wood, Val Bolger, Warren Nolte, Harrison Bale, Liza Bergman, Albert Johansson, Ian Tandy, Humphrey Garland"
760,"Angelina Astaire, Greg Chaplin"
94,"Nick Stallone, Kirsten Akroyd, Jane Jackman, Jayne Nolte"
218,"Grace Mostel, Fred Costner, Morgan Hopkins, Albert Johansson"
49,"Ben Willis, Harrison Bale, Cuba Allen, Warren Jackman, Greta Keitel, Olympia Pfeiffer, Alan Dreyfuss, Thora Temple"
671,"Joe Swank, Rip Winslet, Harrison Bale, Cate Mcqueen, Renee Ball"
580,"Nick Degeneres, Humphrey Garland"
742,"Nick Wahlberg, Elvis Marx, Dan Streep, Scarlett Bening, Whoopi Hurt"
912,"Elvis Marx, Jodie Degeneres, Angelina Astaire, Chris Bridges, Matthew Leigh, Susan Davis, Cate Mcqueen, Thora Temple"
846,"Grace Mostel, Audrey Olivier, Gene Willis, Spencer Depp, Harrison Bale, Kevin Garland, Ben Harris"
938,"Zero Cage, Johnny Cage, Angela Hudson, Sean Williams, Cary Mcconaughey, Cuba Allen, Daryl Crawford, Minnie Kilmer, Meryl Allen"
184,"Penelope Pinkett, Penelope Cronyn, Angela Witherspoon, Mena Hopper"
87,"Ed Chase, Jennifer Davis, Uma Wood, Fred Costner, Kirsten Paltrow, Sandra Peck, Dan Harris, Ray Johansson, Kenneth Pesci, Chris Bridges, Warren Jackman, Humphrey Garland, Audrey Bailey"
753,"Kirk Jovovich, Mae Hoffman, Sylvester Dern, Angela Witherspoon, Alan Dreyfuss"
477,"Christian Gable, Julia Mcqueen, Val Bolger, Christian Akroyd, Jessica Bailey"
550,"Nick Wahlberg, Sean Williams, Renee Tracy, Alan Dreyfuss"
394,"Johnny Cage, Penelope Cronyn, Warren Jackman, Fay Winslet, Christopher West"
272,"Jayne Neeson, Angela Witherspoon, Cuba Birch"
781,"Cameron Streep, Dan Harris, Cameron Wray, Angelina Astaire, Gina Degeneres, Ed Mansfield, Jayne Silverstone"
190,"Christopher Berry, Sylvester Dern, Renee Tracy, Scarlett Bening, Jayne Nolte, William Hackman"
867,"Tom Miranda, Nick Degeneres, Humphrey Garland"
858,"Jennifer Davis, Penelope Pinkett, Christian Akroyd, Ralph Cruz, Sean Guiness, Sidney Crowe, Groucho Dunst, Warren Jackman, Scarlett Bening, Gregory Gooding, Mary Keitel"
554,"Grace Mostel, Matthew Johansson, Jada Ryder, Fay Winslet, Laurence Bullock, Michael Bolger, Reese West"
406,"Jayne Neeson, Charlize Dench, Sean Guiness, Greta Malden, Mary Keitel"
424,"Carmen Hunt, Mary Tandy, Daryl Wahlberg, Penelope Monroe, William Hackman"
670,"Bob Fawcett, Julia Barrymore, Groucho Sinatra, Whoopi Hurt, Russell Temple"
309,"Tim Hackman, Tom Miranda, Penelope Cronyn, Mary Keitel"
849,"Christopher Berry, Gina Degeneres, Cate Harris, Ian Tandy, Kenneth Hoffman, Olympia Pfeiffer, Rock Dukakis, Gregory Gooding"
509,"Penelope Guiness, Bette Nicholson, Christopher Berry, Warren Jackman, Whoopi Hurt, Cuba Birch"
919,"Vivien Bergen, Spencer Depp, Cameron Zellweger, Minnie Kilmer, Michael Bolger, Bela Walken"
156,"Penelope Cronyn, Susan Davis, Adam Hopper, Bela Walken"
932,"Tom Miranda, Cameron Wray, Ben Willis, Susan Davis"
641,"Meg Hawke, Cuba Allen, Penelope Monroe, Kevin Garland, Kim Allen"
475,"Vivien Bergen, Angela Hudson, Ralph Cruz, Minnie Zellweger, Kenneth Torn, Jim Mostel, Kim Allen, Ben Harris, John Suvari"
961,"Mena Temple, Spencer Peck, Susan Davis, Morgan Mcdormand, Salma Nolte"
888,"Zero Cage, Ralph Cruz"
282,"Alec Wayne, Anne Cronyn, Ewan Gooding, Meryl Gibson"
733,"Kirsten Paltrow, Gary Phoenix, Warren Nolte, Lisa Monroe"
269,"Fred Costner, Lucille Tracy, Mae Hoffman, Rita Reynolds, Harvey Hope"
261,"Cary Mcconaughey, Groucho Sinatra, Ewan Gooding"
502,"Cuba Olivier, Woody Hoffman, Audrey Olivier, Tom Miranda, Reese Kilmer, Jude Cruise"
117,"Sandra Kilmer, Reese Kilmer, Angela Hudson, Milla Keitel, Charlize Dench, Albert Johansson, John Suvari"
125,"Cuba Olivier, Sandra Kilmer, Audrey Olivier, Angela Hudson, Lucille Dee, Angela Witherspoon, Mary Keitel"
40,"Ed Chase, Cary Mcconaughey, Mae Hoffman, Gene Willis, Penelope Cronyn, Matthew Carrey, Russell Close"
700,"Kirsten Paltrow, Sissy Sobieski, Goldie Brody, Susan Davis, Sylvester Dern, Russell Bacall, Morgan Hopkins"
43,"Woody Hoffman, Audrey Olivier, Julianne Dench, Frances Tomei, Greta Keitel, Cate Harris, Chris Depp, Harvey Hope, Cuba Birch"
587,"Christian Gable, Zero Cage, Goldie Brody, Whoopi Hurt, Lisa Monroe, Bela Walken"
349,"Elvis Marx, Frances Day-Lewis, Fay Wood, Kenneth Hoffman"
187,"Vivien Bergen, Reese Kilmer, Angelina Astaire, Charlize Dench, Laura Brody, Julia Zellweger"
914,"Christian Gable, Kevin Bloom, Judy Dean, Kenneth Paltrow, Jada Ryder, Russell Close, Renee Ball, Gregory Gooding"
728,"Karl Berry, Dan Harris, Kirsten Akroyd, Meg Hawke, Walter Torn, Russell Bacall, Jayne Nolte"
766,"Grace Mostel, Sandra Kilmer, Parker Goldberg, Christian Neeson, Jessica Bailey, Minnie Kilmer"
506,"Penelope Guiness, Frances Day-Lewis, Anne Cronyn, Ray Johansson, Penelope Cronyn, Harrison Bale, Jeff Silverstone, Rock Dukakis"
242,"Cameron Streep, Nick Stallone, Christian Akroyd, Jessica Bailey, Mae Hoffman, Woody Jolie, Warren Nolte, Chris Depp"
331,"Rip Winslet, Sean Williams, Greg Chaplin"
599,"Frances Day-Lewis, Groucho Sinatra, Spencer Peck, Whoopi Hurt, Angela Witherspoon"
913,"Julia Barrymore, Penelope Pinkett, Morgan Mcdormand, Russell Temple, Greta Malden"
677,"Penelope Cronyn, Michael Bening, Debbie Akroyd, John Suvari, Jayne Silverstone"
29,"Bette Nicholson, Uma Wood, Sidney Crowe, Salma Nolte, William Hackman, Renee Ball, Reese West"
4,"Jodie Degeneres, Scarlett Damon, Kenneth Pesci, Fay Winslet, Oprah Kilmer"
698,"Christian Akroyd, Adam Hopper, Meryl Gibson, Humphrey Willis, Ed Guiness"
96,"Grace Mostel, Helen Voight, Woody Hoffman, Carmen Hunt, Frances Tomei, Morgan Williams"
466,"Burt Dukakis, Johnny Cage, Kenneth Paltrow, Michelle Mcconaughey, Meg Hawke, Olympia Pfeiffer"
201,"Helen Voight, Rip Crawford, Judy Dean"
844,"Dan Harris, Dan Streep, Fay Wood, Oprah Kilmer"
980,"Penelope Guiness, Christian Gable, Tim Hackman, Parker Goldberg, Anne Cronyn, Mena Temple, Ray Johansson, Susan Davis, Walter Torn"
631,"Karl Berry, Ben Willis, Greg Chaplin, Walter Torn, Russell Temple, Michael Bolger"
6,"Kirsten Paltrow, Sandra Kilmer, Jayne Neeson, Warren Nolte, Morgan Williams, Kenneth Hoffman, Reese West"
107,"Karl Berry, Woody Hoffman, Johnny Cage, Chris Bridges, Greta Keitel, Ewan Gooding, Jada Ryder, Laurence Bullock"
446,"Burt Posey, Minnie Zellweger, Charlize Dench, Meg Hawke, Walter Torn, Julianne Dench, Morgan Williams, Lucille Dee, Jayne Nolte"
86,"Kevin Bloom, Jodie Degeneres, Groucho Sinatra, Nick Degeneres, Gene Mckellen, Meryl Allen"
749,"Penelope Guiness, Dustin Tautou, Cary Mcconaughey, Kevin Garland, Harvey Hope"
920,"Kirsten Paltrow, Goldie Brody, Reese Kilmer, Burt Posey, Warren Nolte, Daryl Crawford, Harvey Hope, Michael Bolger"
219,"Tim Hackman, Reese Kilmer, Scarlett Damon, Warren Nolte, Gene Hopkins, Olympia Pfeiffer, Gregory Gooding"
363,"Sean Guiness, Salma Nolte, Gene Mckellen"
66,"Reese Kilmer, Angelina Astaire, Gene Willis, Chris Bridges, Susan Davis, Jane Jackman, Vivien Basinger"
231,"Lucille Tracy, Burt Dukakis, Jayne Neeson, Russell Bacall, Penelope Monroe, Minnie Kilmer"
661,"Gene Willis, Harrison Bale, Kim Allen, Greta Malden, Groucho Williams, Humphrey Garland"
512,"Jessica Bailey, Kirsten Akroyd, Kenneth Torn, Jim Mostel, Albert Johansson, Cuba Birch"
340,"Johnny Lollobrigida, Rip Crawford, Fay Kilmer, Jude Cruise, Ben Willis, Harvey Hope"
873,"Joe Swank, Helen Voight, Julia Mcqueen, Ben Willis, Jayne Nolte"
356,"Matthew Leigh"
523,"Matthew Johansson, Tim Hackman"
414,"Grace Mostel, Cuba Olivier, Sandra Kilmer, Michelle Mcconaughey, James Pitt, Jim Mostel, Spencer Depp, Cameron Zellweger, Penelope Monroe, Albert Nolte, Ed Mansfield, Harvey Hope"
458,"Nick Wahlberg, Matthew Johansson, Tom Mckellen, Cary Mcconaughey, Scarlett Damon, Gina Degeneres, Rita Reynolds, Russell Temple, Jon Chase, Gene Mckellen"
640,"Sean Williams, Daryl Crawford, Humphrey Garland, Julia Fawcett"
368,"Sissy Sobieski, Richard Penn, Emily Dee, Chris Depp, Groucho Williams"
735,"Milla Peck, Angela Hudson, Matthew Leigh, Cuba Allen, Jada Ryder"
538,"Lucille Tracy, Kevin Bloom, Parker Goldberg, Cary Mcconaughey, Morgan Mcdormand, Adam Hopper, Groucho Williams, Renee Ball, Thora Temple"
166,"Penelope Guiness, Groucho Dunst, Salma Nolte, Daryl Crawford, Christopher West, Olympia Pfeiffer, John Suvari"
595,"Anne Cronyn"
142,"Kirsten Paltrow, Henry Berry"
924,"Jennifer Davis, Cuba Olivier, Julia Barrymore, Natalie Hopkins, Harvey Hope, Ed Guiness, Mary Keitel"
872,"Milla Keitel, Spencer Depp, River Dean, Olympia Pfeiffer, Jon Chase, Meryl Allen"
410,"Burt Dukakis, Kirk Jovovich, Charlize Dench, Adam Hopper, Richard Penn, Morgan Williams, Albert Johansson, Fay Winslet, Oprah Kilmer, Gregory Gooding"
792,"Frances Day-Lewis, River Dean, Emily Dee"
896,"Zero Cage, Nick Stallone, Gene Hopkins, Vivien Basinger, Cuba Birch"
651,"Tim Hackman"
381,"Uma Wood, Burt Dukakis, Kirsten Akroyd, Jim Mostel, Warren Jackman, Matthew Carrey"
38,"Parker Goldberg, Nick Degeneres, Audrey Bailey"
359,"Julia Mcqueen, Kirk Jovovich, Adam Grant, Cameron Zellweger, Ian Tandy, Jayne Silverstone"
597,"Zero Cage, Uma Wood, Woody Hoffman, Ray Johansson, Daryl Crawford, Humphrey Garland, Mary Keitel"
193,"Bette Nicholson, Kenneth Pesci, Kenneth Torn, Frances Tomei, Ed Mansfield, Russell Temple, Meryl Gibson, Ed Guiness"
548,"Fred Costner, Gary Penn, Greg Chaplin, Kenneth Torn, Gina Degeneres, Renee Ball, Cuba Birch"
730,"Johnny Lollobrigida, Julianne Dench, Whoopi Hurt, Michael Bolger, Julia Fawcett"
217,"Grace Mostel, Bob Fawcett, Ben Willis, Geoffrey Heston, Ben Harris, Greta Malden"
709,"Zero Cage, Anne Cronyn, Fay Kilmer, Angelina Astaire, Ralph Cruz, Burt Temple"
47,"Nick Wahlberg, Matthew Johansson, Charlize Dench, Daryl Wahlberg, Kevin Garland, River Dean, Minnie Kilmer, Vivien Basinger"
886,"Cuba Olivier, Fred Costner, Will Wilson, Mena Hopper, Mary Keitel, Julia Fawcett"
177,"Karl Berry, Fred Costner, Johnny Cage, Henry Berry, Meg Hawke, Albert Johansson, Vivien Basinger"
727,"Mena Temple, Mae Hoffman, Kevin Garland, Richard Penn, Kenneth Hoffman"
985,"Cuba Olivier, Woody Jolie, Chris Bridges, Harrison Bale, Humphrey Garland"
810,"Reese Kilmer, Walter Torn, Russell Temple"
779,"Fred Costner, Audrey Olivier, Jodie Degeneres, Spencer Depp, Al Garland, Olympia Pfeiffer, Renee Ball"
110,"Uma Wood, Alec Wayne, Ben Willis, Renee Ball"
931,"Burt Dukakis, Ed Guiness"
145,"Nick Wahlberg, Gene Hopkins, Fay Winslet, Julia Fawcett"
557,"Ray Johansson, Albert Nolte"
718,"Uma Wood, Sean Williams, Spencer Peck, Spencer Depp, Salma Nolte, Emily Dee"
623,"Sean Williams, Greg Chaplin, Albert Nolte, Audrey Bailey"
485,"Nick Wahlberg, Zero Cage, Val Bolger, Fay Kilmer, Walter Torn, Cate Mcqueen, Ed Mansfield, River Dean, John Suvari"
229,"Mary Tandy, Kirsten Akroyd, Groucho Dunst, Ed Mansfield, Ewan Gooding"
559,"Goldie Brody, Frances Day-Lewis, Groucho Dunst"
304,"Michelle Mcconaughey, Scarlett Damon, Kenneth Pesci, Morgan Williams, Christopher West"
788,"Audrey Olivier, Mae Hoffman, Ralph Cruz, Kenneth Torn, Cuba Allen, Warren Jackman, Nick Degeneres, Cuba Birch"
52,"Judy Dean, Adam Grant, Ben Willis, Daryl Wahlberg, Harrison Bale, Lucille Dee, Gene Mckellen"
633,"Grace Mostel, Cameron Wray, Sean Guiness, Liza Bergman, Emily Dee"
341,"Ed Chase, Carmen Hunt, Ralph Cruz, Gene Hopkins, Cate Harris, Fay Winslet, Laurence Bullock"
450,"Tom Mckellen, Adam Grant, Sean Williams, Russell Bacall, Albert Nolte, Jane Jackman, Olympia Pfeiffer, Mary Keitel"
900,"Grace Mostel, Val Bolger, Reese Kilmer, Warren Jackman"
405,"Cameron Streep, Sean Williams, Fay Winslet, Alan Dreyfuss, William Hackman"
170,"Grace Mostel, Burt Posey, Kenneth Pesci, Liza Bergman, Rita Reynolds, Ewan Gooding, Geoffrey Heston, Meryl Gibson"
762,"Groucho Sinatra, Angela Witherspoon, Lisa Monroe"
712,"Jennifer Davis, Milla Peck, Kirsten Akroyd, Kenneth Torn, Walter Torn, Jada Ryder"
996,"Ed Chase, Julia Mcqueen, James Pitt, Christopher West, Mena Hopper"
192,"Jude Cruise, Milla Keitel"
513,"Karl Berry, Uma Wood, Bob Fawcett, Spencer Depp, Susan Davis, Penelope Monroe, Ian Tandy"
101,"Fred Costner, Frances Day-Lewis, Jude Cruise, Jayne Neeson, Daryl Crawford"
473,"Bob Fawcett, Milla Peck, Mae Hoffman, Charlize Dench, Ellen Presley, Kenneth Torn, Angela Witherspoon, Vivien Basinger, Al Garland, Bela Walken"
69,"Sandra Peck, Jodie Degeneres, Ralph Cruz, John Suvari"
878,"Milla Peck, Nick Stallone, Carmen Hunt, Greg Chaplin, River Dean"
679,"Julia Mcqueen, Woody Hoffman, Henry Berry, Spencer Peck, Cameron Zellweger, Debbie Akroyd, Audrey Bailey"
983,"Christian Gable, Kirsten Paltrow, Lisa Monroe, Russell Close, Julia Zellweger"
375,"Johnny Lollobrigida, Jayne Neeson, Daryl Wahlberg, Greta Keitel, Al Garland"
415,"Vivien Bergen, Julia Mcqueen, Goldie Brody, Milla Keitel, Oprah Kilmer, Ed Guiness, Meryl Allen"
976,"Charlize Dench, Ed Guiness, Renee Ball"
729,"Uma Wood, Anne Cronyn, Scarlett Damon, James Pitt, Whoopi Hurt, Ben Harris, William Hackman, Jeff Silverstone, Julia Zellweger"
408,"Gary Phoenix, Jessica Bailey"
680,"Kirsten Paltrow, Reese Kilmer, Ralph Cruz, Ellen Presley, Cameron Zellweger, Morgan Hopkins, River Dean, Ben Harris, Meryl Gibson, Laura Brody, John Suvari"
782,"Christian Gable, Sandra Kilmer, James Pitt, Chris Bridges, Warren Jackman, Russell Temple"
689,"Goldie Brody, Carmen Hunt, Dustin Tautou, Groucho Sinatra, Burt Temple, Julia Fawcett"
982,"Nick Stallone, Christopher Berry, Ellen Presley, Jim Mostel, Michael Bening"
522,"Christian Gable, Uma Wood, Minnie Zellweger, Daryl Wahlberg, Christopher West, Gene Mckellen, Matthew Carrey, Reese West"
674,"Jodie Degeneres, Groucho Sinatra, Morgan Hopkins, Ben Harris, Laura Brody, Nick Degeneres, John Suvari"
630,"Minnie Zellweger, Ian Tandy"
11,"Johnny Cage, Scarlett Damon, Sean Guiness, Michael Bening"
575,"Jada Ryder, Bela Walken"
821,"Rip Crawford, Cate Harris, River Dean, Ben Harris"
401,"Tim Hackman, Natalie Hopkins, Penelope Cronyn, Ed Mansfield, Harvey Hope, Jon Chase, Gene Mckellen"
659,"Groucho Dunst, Penelope Monroe, River Dean, Oprah Kilmer, Al Garland, Michael Bening"
739,"Sissy Sobieski, Penelope Cronyn, Renee Tracy"
279,"Dan Torn, Ben Willis, Oprah Kilmer"
9,"Christian Gable, Elvis Marx, Rip Crawford, Mena Temple, Rip Winslet, Warren Nolte, Greta Keitel, William Hackman, Meryl Allen"
903,"Joe Swank, Daryl Wahlberg, Matthew Leigh, Olympia Pfeiffer"
741,"Jim Mostel, Warren Nolte"
716,"Christian Gable, Karl Berry, Burt Dukakis, Anne Cronyn"
543,"Ray Johansson, Milla Keitel, Minnie Zellweger, Kirsten Akroyd, Jon Chase, Gene Mckellen"
897,"Uma Wood, Natalie Hopkins, Adam Hopper, Gene Hopkins, Kenneth Hoffman"
736,"Goldie Brody, Whoopi Hurt"
565,"Sandra Peck, Gary Penn, Russell Bacall"
566,"Cary Mcconaughey, James Pitt, Groucho Dunst, Olympia Pfeiffer, Ed Guiness, Rock Dukakis"
457,"Karl Berry, Helen Voight, Dan Harris, Jayne Neeson, Groucho Sinatra, Kenneth Torn, Groucho Dunst, River Dean, Kim Allen"
85,"Johnny Lollobrigida, Julia Mcqueen, Henry Berry, Minnie Zellweger, Susan Davis, Frances Tomei, Fay Winslet, Oprah Kilmer, Ed Guiness"
592,"Jude Cruise, Warren Jackman, Greta Keitel, Kim Allen, Alan Dreyfuss, John Suvari, Jayne Silverstone"
281,"Zero Cage, Kirsten Paltrow, Ben Willis, James Pitt, Sylvester Dern, Harvey Hope"
687,"Johnny Lollobrigida, Tom Miranda, Ralph Cruz, Groucho Dunst, River Dean"
553,"Cuba Olivier, Val Bolger, Christian Akroyd, Mary Tandy, Ralph Cruz, Kirsten Akroyd, Meg Hawke, Cuba Allen, Kevin Garland, Rita Reynolds, Lucille Dee"
302,"Warren Nolte, Harrison Bale, Groucho Williams"
21,"Kevin Bloom, Rip Crawford, Sidney Crowe, Warren Jackman, Frances Tomei"
288,"Johnny Lollobrigida, Natalie Hopkins, Frances Tomei, Ed Mansfield"
622,"Ralph Cruz, Jim Mostel, Sylvester Dern, Dan Streep, Nick Degeneres, Michael Bening, Jeff Silverstone, John Suvari"
927,"Anne Cronyn, Gene Hopkins, Ben Harris, Harvey Hope, Will Wilson"
774,"Susan Davis, Gina Degeneres, Cate Mcqueen, Rock Dukakis"
398,"Jennifer Davis, Kirsten Paltrow, Julia Mcqueen, Jayne Neeson, Angela Hudson, Scarlett Damon, Kenneth Hoffman"
635,"Penelope Guiness, Jennifer Davis, Karl Berry, Cuba Olivier, Rip Crawford, Christian Akroyd, Cary Mcconaughey, Richard Penn, Bela Walken"
388,"Carmen Hunt, Gina Degeneres, Kevin Garland, Russell Close"
165,"Bette Nicholson, Lucille Tracy, Ben Willis, Gina Degeneres"
56,"Jennifer Davis, Elvis Marx, Milla Peck, Kirk Jovovich, Daryl Crawford, Ed Mansfield, Morgan Williams, Will Wilson"
151,"Anne Cronyn, Russell Bacall, Cuba Allen, Julianne Dench"
820,"Sandra Kilmer, Parker Goldberg, Whoopi Hurt, Humphrey Willis, Jeff Silverstone, Cuba Birch"
992,"Spencer Depp, Cate Harris, Russell Temple, Kenneth Hoffman"
620,"Fay Kilmer, Kenneth Pesci, Jim Mostel, Salma Nolte, Ed Mansfield"
894,"Jodie Degeneres, Groucho Dunst, Warren Nolte, Cameron Zellweger, Penelope Monroe, Richard Penn, Angela Witherspoon, Vivien Basinger, Kenneth Hoffman"
245,"Kevin Bloom, Burt Dukakis, Frances Day-Lewis, Gary Penn, Cary Mcconaughey, Daryl Wahlberg, Harrison Bale, Julianne Dench"
205,"Matthew Johansson, Zero Cage, Rip Winslet, Mae Hoffman, Walter Torn"
67,"Grace Mostel, Julia Barrymore, Jessica Bailey, Julianne Dench, Cate Harris, Angela Witherspoon, Ian Tandy, William Hackman, Meryl Allen, Julia Fawcett"
325,"Rip Winslet, Sean Williams, Ellen Presley, Jim Mostel, Cameron Zellweger"
673,"Bob Fawcett, Sandra Kilmer, Tom Miranda, Warren Nolte, Salma Nolte, Cate Harris, Humphrey Willis, Kenneth Hoffman, Jayne Silverstone"
895,"Matthew Johansson, Reese Kilmer, Gary Phoenix, Minnie Zellweger, Matthew Leigh, Geoffrey Heston"
783,"Cuba Olivier, Henry Berry, Renee Tracy"
484,"Dan Torn, Burt Dukakis, Reese Kilmer, Julia Barrymore, Milla Keitel, Rita Reynolds, Chris Depp, Bela Walken"
334,"Julia Mcqueen, Henry Berry, Walter Torn"
558,"Anne Cronyn, Minnie Zellweger, Sidney Crowe, Cuba Allen, Gene Hopkins"
144,"Uma Wood, Dan Torn, Bob Fawcett, Jude Cruise, Jessica Bailey, Sean Williams, Penelope Monroe, Geoffrey Heston, Jeff Silverstone, Jayne Silverstone"
540,"Nick Wahlberg, Karl Berry, Julia Mcqueen, Parker Goldberg, James Pitt, Kenneth Torn, Jim Mostel, Ewan Gooding, Jada Ryder, Angela Witherspoon"
168,"Goldie Brody, Cate Mcqueen, Jayne Nolte, Michael Bening, Renee Ball"
471,"Ray Johansson, Angela Hudson, Daryl Crawford"
598,"Goldie Brody, Kirk Jovovich, Nick Stallone, Reese West"
287,"Fred Costner, Woody Hoffman, Frances Day-Lewis, Penelope Cronyn"
464,"Angelina Astaire, Mary Keitel"
167,"Cameron Wray, Renee Tracy, Geoffrey Heston"
277,"Penelope Guiness, Cameron Streep, Val Bolger, Gina Degeneres, Harrison Bale"
290,"Goldie Brody, Michelle Mcconaughey, Woody Jolie, James Pitt, Minnie Zellweger"
300,"Mary Tandy, Kenneth Paltrow, Salma Nolte, Ed Mansfield"
662,"Val Bolger, Anne Cronyn, Kirsten Akroyd, Susan Davis, Rock Dukakis"
284,"Vivien Bergen, Liza Bergman, Ewan Gooding, Bela Walken"
342,"Cuba Olivier, Alec Wayne, Mary Tandy, Ralph Cruz, Charlize Dench, Meg Hawke, Richard Penn, Emily Dee, Geoffrey Heston, Laura Brody, Olympia Pfeiffer"
367,"Sandra Kilmer, Mae Hoffman, Albert Nolte, Daryl Crawford, Geoffrey Heston, Humphrey Willis, John Suvari"
588,"Uma Wood, Val Bolger, Richard Penn, Gene Hopkins, Meryl Gibson, Harvey Hope, Ed Guiness, Mary Keitel"
41,"Cuba Allen, Rita Reynolds, Oprah Kilmer"
439,"Groucho Dunst, William Hackman"
206,"Kenneth Torn, Matthew Leigh, Jane Jackman, Jayne Nolte, Laura Brody, Rock Dukakis"
46,"Dustin Tautou, Angela Hudson, James Pitt"
586,"Julia Mcqueen, Sean Guiness, Adam Hopper"
32,"Mae Hoffman, Vivien Basinger, Oprah Kilmer, Will Wilson, Russell Close"
572,"Val Bolger, Dustin Tautou, Ray Johansson, Gene Willis, Jim Mostel, Cuba Allen"
53,"Bette Nicholson, Sandra Peck, Julia Barrymore, Michelle Mcconaughey, Walter Torn, Russell Temple, Fay Wood"
336,"Ed Chase, Audrey Olivier, Jodie Degeneres, Dan Streep, Cate Mcqueen, Will Wilson, Humphrey Garland"
275,"Cuba Olivier, Gary Penn, Kenneth Torn, Susan Davis, Chris Depp"
247,"Woody Jolie, Ben Willis, Daryl Crawford, Harvey Hope"
260,"Sandra Peck, Val Bolger, Groucho Sinatra, Ralph Cruz, Scarlett Damon, Scarlett Bening, Angela Witherspoon"
423,"Anne Cronyn, Henry Berry, Christian Neeson, Renee Tracy, Groucho Williams, Bela Walken"
136,"Tim Hackman, Penelope Cronyn, Groucho Dunst, Gina Degeneres, Cuba Allen, Minnie Kilmer"
139,"Tom Miranda, Jada Ryder, Fay Winslet, Russell Temple, Mena Hopper"
411,"Johnny Lollobrigida, Kevin Bloom, Spencer Depp, Kevin Garland, Michael Bolger, Audrey Bailey"
869,"Johnny Cage, Michelle Mcconaughey, Minnie Zellweger, Russell Bacall, Greta Keitel, Vivien Basinger, Jeff Silverstone, Jayne Silverstone"
864,"Kenneth Paltrow, Charlize Dench, Sidney Crowe, Renee Tracy, Fay Winslet, Laurence Bullock, Debbie Akroyd"
425,"Goldie Brody, Morgan Mcdormand, Harvey Hope"
672,"Karl Berry, Natalie Hopkins, Ben Willis, Jim Mostel, Jayne Nolte, Laurence Bullock"
825,"Nick Stallone, Kirsten Akroyd, Harvey Hope"
316,"Johnny Lollobrigida, Christian Akroyd, Woody Jolie, Renee Tracy, River Dean"
403,"Fay Kilmer, Cameron Zellweger, Morgan Hopkins, Lucille Dee, Matthew Carrey, Jayne Silverstone"
731,"Elvis Marx, Burt Dukakis, Parker Goldberg, Jessica Bailey, Cameron Zellweger, Whoopi Hurt, Albert Johansson"
256,"Bette Nicholson, Cameron Streep, Judy Dean, Mena Temple, Jessica Bailey, Meg Hawke, Frances Tomei, Ed Mansfield"
332,"Scarlett Damon, Ben Harris"
654,"Rip Winslet, Michelle Mcconaughey, Spencer Peck, Groucho Dunst, Russell Bacall, Liza Bergman, Salma Nolte, Julia Zellweger"
628,"Michelle Mcconaughey, Mae Hoffman, Rita Reynolds, Laurence Bullock, Jeff Silverstone, Cuba Birch, Reese West, Mary Keitel"
33,"Mae Hoffman, Woody Jolie, Ed Mansfield, Albert Johansson, Oprah Kilmer, Mena Hopper, Jeff Silverstone, Debbie Akroyd"
422,"Emily Dee, Julia Zellweger"
885,"Rip Crawford, Sylvester Dern, Liza Bergman, Lucille Dee, Ian Tandy, Jayne Silverstone"
549,"Sandra Kilmer, Christian Akroyd, Groucho Sinatra, Greta Keitel, Laura Brody, Olympia Pfeiffer, Audrey Bailey"
185,"Ed Chase, Milla Keitel, Julianne Dench, Whoopi Hurt, Gregory Gooding"
215,"Rip Winslet, Scarlett Damon, Matthew Leigh, Vivien Basinger, Groucho Williams, Meryl Allen"
380,"Sissy Sobieski, Burt Dukakis, Rip Winslet, Cate Harris"
653,"Cameron Streep, Dan Streep, Harvey Hope"
130,"Dustin Tautou, Matthew Leigh, Angela Witherspoon, Jayne Silverstone"
23,"Penelope Guiness, Jennifer Davis, Elvis Marx, Jayne Nolte, Humphrey Willis"
486,"Fay Kilmer, Greg Chaplin, Gene Willis, Minnie Kilmer, Humphrey Garland, Meryl Allen"
612,"Vivien Bergen, Dan Torn, Judy Dean, Fay Kilmer, Kenneth Paltrow, Cary Mcconaughey, Oprah Kilmer"
625,"Woody Hoffman, Susan Davis, Kim Allen, Olympia Pfeiffer, Matthew Carrey, Renee Ball"
617,"Milla Keitel, Susan Davis, Kevin Garland, Renee Ball"
765,"Angelina Astaire, Chris Bridges"
552,"Joe Swank, Natalie Hopkins, Groucho Sinatra, Ed Mansfield, Julia Zellweger"
887,"Kirsten Paltrow, Johnny Cage, James Pitt, Warren Nolte, Harrison Bale, Renee Tracy, Jayne Nolte"
959,"Grace Mostel, Helen Voight, Will Wilson, Groucho Williams, Humphrey Garland, Audrey Bailey"
819,"Kenneth Pesci, Kevin Garland, Debbie Akroyd, Gregory Gooding, John Suvari"
314,"Nick Wahlberg, Albert Johansson, Meryl Gibson"
386,"Dan Torn, Mena Temple, Rip Winslet, Gene Hopkins, River Dean, Jayne Nolte"
817,"Johnny Lollobrigida, Uma Wood, Cuba Olivier, Judy Dean, Sean Guiness, Russell Bacall, Minnie Kilmer, Ed Guiness, Mary Keitel"
426,"Kirsten Paltrow, Burt Dukakis, Christian Akroyd, Nick Degeneres, Audrey Bailey, John Suvari"
433,"Zero Cage, Anne Cronyn, Christian Neeson, Sean Guiness, Morgan Williams, Jayne Nolte, Will Wilson, Gene Mckellen"
364,"Zero Cage, Greg Chaplin, Rita Reynolds, Ed Mansfield, Laura Brody, Reese West"
877,"Bob Fawcett, Kenneth Paltrow, Woody Jolie, Spencer Depp, Albert Nolte, Mena Hopper"
169,"Russell Temple, Meryl Gibson, Humphrey Willis, Humphrey Garland, Bela Walken"
299,"Sissy Sobieski, Henry Berry, Mae Hoffman, Cate Mcqueen, Meryl Gibson, Mena Hopper"
345,"Fred Costner, Rip Crawford, Frances Day-Lewis, Ray Johansson, Groucho Dunst, Cate Mcqueen, Adam Hopper, Groucho Williams"
92,"Karl Berry, Carmen Hunt, Michelle Mcconaughey, Minnie Zellweger, Will Wilson"
605,"Penelope Guiness, Bette Nicholson, Kirk Jovovich, Jude Cruise, Walter Torn, Ewan Gooding"
541,"Cuba Olivier, Christian Akroyd, Angela Hudson, Burt Posey, Rita Reynolds, John Suvari, Bela Walken, Mary Keitel, Julia Fawcett"
660,"River Dean, Chris Depp"
971,"Ed Chase, Audrey Olivier, Henry Berry, Rip Winslet, Gregory Gooding"
437,"Natalie Hopkins, Jude Cruise, Meg Hawke, Matthew Leigh, Vivien Basinger, Al Garland, Matthew Carrey, Debbie Akroyd, Michael Bolger"
910,"Grace Mostel, Scarlett Damon, Sidney Crowe, Daryl Crawford, Gene Mckellen"
236,"Christian Gable, Cuba Olivier, Helen Voight, Dan Harris, Kenneth Paltrow"
941,"Ralph Cruz, Christopher Berry, Susan Davis, Ian Tandy, Russell Close"
957,"Grace Mostel, Helen Voight, Natalie Hopkins, Mary Tandy, Minnie Zellweger, Cuba Allen, Salma Nolte, Fay Winslet, Humphrey Willis"
949,"Cuba Olivier, Albert Nolte, Cate Mcqueen, Russell Temple, Russell Close"
998,"Uma Wood, Nick Stallone, Gary Penn, Salma Nolte, Kenneth Hoffman, William Hackman"
197,"Tim Hackman, Fay Kilmer, Ray Johansson, Sean Guiness, Meg Hawke, Matthew Leigh, Renee Tracy, Albert Johansson, Lisa Monroe"
135,"Milla Peck, Christian Akroyd, Ben Willis, Whoopi Hurt, Angela Witherspoon, Meryl Allen"
999,"Carmen Hunt, Mary Tandy, Penelope Cronyn, Whoopi Hurt, Jada Ryder"
493,"Audrey Olivier, Burt Dukakis, Henry Berry, Christopher Berry, Groucho Williams"
707,"Judy Dean, Jude Cruise, Jayne Neeson, Gary Penn, Renee Tracy"
454,"Vivien Bergen, Gina Degeneres, Warren Jackman"
665,"Johnny Lollobrigida, Tom Miranda, Henry Berry, Rip Winslet, Sean Williams, Cate Mcqueen, Whoopi Hurt, Geoffrey Heston, Michael Bolger"
759,"Vivien Bergen, Spencer Depp, Cate Mcqueen, Jada Ryder"
482,"Alec Wayne, Greg Chaplin, Geoffrey Heston, Julia Zellweger, Mary Keitel"
879,"Woody Hoffman, Carmen Hunt, Gina Degeneres, Lucille Dee, Vivien Basinger, Michael Bening, Thora Temple"
227,"Michelle Mcconaughey, Salma Nolte"
500,"Cuba Olivier, Helen Voight, Julia Mcqueen, Tom Miranda, Groucho Dunst, Oprah Kilmer, Humphrey Garland"
73,"Goldie Brody, Cameron Wray, Cary Mcconaughey, Jon Chase, Renee Ball"
311,"Kevin Bloom, Alec Wayne, Cuba Allen, Adam Hopper, Lisa Monroe, Matthew Carrey, Rock Dukakis, Mary Keitel"
103,"Rip Crawford, Tim Hackman, Gary Phoenix, Charlize Dench, Kirsten Akroyd, Burt Temple"
875,"Burt Dukakis, Nick Stallone, Minnie Zellweger, Jane Jackman, Jada Ryder"
239,"Kirk Jovovich, Henry Berry, Groucho Sinatra, Sidney Crowe, Gina Degeneres, River Dean, Christopher West"
121,"Fred Costner, Gary Phoenix, Dustin Tautou, Ben Willis, Vivien Basinger, Oprah Kilmer, Thora Temple"
420,"Karl Berry, Kevin Bloom, Nick Stallone, Natalie Hopkins, Gary Phoenix, Daryl Wahlberg, Morgan Mcdormand, Dan Streep, Ed Mansfield, Matthew Carrey, Gregory Gooding"
561,"Nick Wahlberg, Dan Torn, Gary Penn, Woody Jolie, Meg Hawke, Sidney Crowe, Warren Nolte, Lucille Dee, Laura Brody, Jeff Silverstone, Renee Ball"
845,"Walter Torn, Angela Witherspoon, Debbie Akroyd, Michael Bolger"
755,"Kevin Bloom, Christian Akroyd, Meg Hawke, Chris Depp"
196,"Greg Chaplin, Will Wilson"
291,"Elvis Marx, Ray Johansson, Angela Witherspoon, Greta Malden, Ed Guiness, Burt Temple"
15,"Burt Dukakis, Kenneth Paltrow, Sidney Crowe, Renee Tracy, Humphrey Willis, Mena Hopper"
842,"Dan Torn, Sandra Kilmer, Penelope Pinkett, Ed Mansfield, Jada Ryder, Meryl Gibson, William Hackman"
859,"Matthew Johansson, Christopher Berry, Gina Degeneres, Jada Ryder, Jon Chase"
767,"Reese Kilmer, Jude Cruise, Christian Neeson, Groucho Sinatra, Chris Depp"
61,"Cameron Zellweger, Ed Mansfield, Lucille Dee, Nick Degeneres, Michael Bening"
244,"Audrey Olivier, Jessica Bailey, Gene Willis, Fay Wood"
602,"Christian Akroyd, Kenneth Pesci, Albert Nolte, Daryl Crawford, Ewan Gooding, Meryl Gibson, Will Wilson"
691,"Jennifer Davis, Grace Mostel, Sandra Kilmer, Penelope Monroe, Ewan Gooding, Reese West"
468,"Woody Jolie, Renee Tracy, Scarlett Bening, Frances Tomei, Emily Dee, Jayne Nolte, Ed Guiness"
697,"Joe Swank, Kevin Bloom, Val Bolger, Mena Temple, Mary Tandy, Charlize Dench, Jayne Nolte"
721,"Jennifer Davis, Jodie Degeneres, Spencer Peck, Chris Bridges, Warren Nolte"
251,"Christian Gable, Angelina Astaire, Fay Winslet"
705,"Tom Mckellen, Frances Day-Lewis, Chris Bridges, Daryl Crawford, Fay Wood, Mena Hopper, Michael Bening, Audrey Bailey"
104,"Woody Jolie, Kirsten Akroyd"
960,"Mary Tandy, Minnie Zellweger, Ed Guiness, Burt Temple"
171,"Johnny Lollobrigida, Burt Dukakis, Warren Jackman, Cuba Birch"
397,"Richard Penn, Olympia Pfeiffer, Lisa Monroe"
604,"Nick Stallone, Angelina Astaire, Greta Malden, Matthew Carrey, Julia Fawcett"
427,"Uma Wood, Tim Hackman, Burt Dukakis, Ellen Presley, Albert Johansson, Ian Tandy, Michael Bolger"
786,"Sylvester Dern, Warren Jackman, Julianne Dench, Oprah Kilmer, Meryl Allen"
347,"Julia Mcqueen, Angela Hudson, Rip Winslet, Burt Posey, Matthew Leigh, Frances Tomei, Humphrey Willis, Mary Keitel"
179,"Matthew Johansson, Kirsten Paltrow, Kevin Bloom, Henry Berry, Cameron Zellweger, John Suvari"
562,"Gary Penn, Adam Hopper, Audrey Bailey"
636,"Zero Cage, Sandra Kilmer, Penelope Pinkett, Sean Williams, Greg Chaplin, Jim Mostel, Warren Jackman, Ewan Gooding, Oprah Kilmer, Russell Close"
321,"Nick Wahlberg, Matthew Johansson, Dan Torn, Kirsten Paltrow, Sandra Peck, Milla Keitel, Greta Malden"
105,"Nick Wahlberg, Sandra Kilmer, Alec Wayne, Kirk Jovovich, Dan Streep, Julianne Dench, Angela Witherspoon, Jayne Nolte"
402,"Kenneth Torn, Kim Allen, Albert Johansson, Fay Winslet"
804,"Kirsten Paltrow, Sandra Kilmer, Milla Keitel, Will Wilson"
445,"Cuba Olivier, Lucille Tracy, Jayne Neeson, Burt Posey, Ellen Presley, Gina Degeneres"
866,"Angelina Astaire, Groucho Dunst, Morgan Mcdormand"
889,"Joe Swank, Julia Mcqueen, Parker Goldberg, Kirsten Akroyd, Jayne Nolte, Will Wilson"
991,"Parker Goldberg, Kirsten Akroyd, Spencer Depp, Matthew Carrey"
776,"Fay Kilmer, Mae Hoffman, Angela Witherspoon"
467,"Val Bolger, Reese Kilmer, Gary Penn, Gina Degeneres, Cate Harris, Meryl Gibson, Fay Wood"
327,"Rip Crawford, Natalie Hopkins"
253,"Vivien Bergen, Kirsten Paltrow, Val Bolger, Henry Berry, Spencer Peck, Al Garland, Audrey Bailey"
581,"Vivien Basinger"
14,"Woody Hoffman, Minnie Zellweger, Morgan Williams, Rock Dukakis"
692,"Bette Nicholson, Scarlett Damon, Matthew Leigh, Kim Allen, Laurence Bullock, Gregory Gooding"
109,"Nick Stallone, Mena Temple, Kim Allen, Lisa Monroe, Ed Guiness, Burt Temple, Mary Keitel"
133,"Alec Wayne, Henry Berry, Rip Winslet, Gina Degeneres, Adam Hopper, Richard Penn, Emily Dee"
724,"Jodie Degeneres, Kenneth Torn, Jeff Silverstone, Reese West"
372,"Natalie Hopkins, Christian Neeson, Burt Posey, Sidney Crowe, Albert Johansson, Kenneth Hoffman"
339,"Ben Willis, Ellen Presley, Morgan Mcdormand, River Dean, Russell Temple, Laurence Bullock"
600,"Uma Wood, Elvis Marx, Burt Dukakis, Penelope Pinkett, Jim Mostel, Walter Torn, Penelope Cronyn, Laura Brody"
772,"Goldie Brody, Dustin Tautou, Gary Penn, Russell Bacall, Cate Harris, Emily Dee, William Hackman, Humphrey Garland"
335,"Cameron Streep, Alec Wayne, Tom Mckellen, Ray Johansson, Christopher Berry"
591,"Nick Stallone, Natalie Hopkins, Minnie Zellweger, Albert Johansson, William Hackman"
603,"Helen Voight, Cameron Streep, Fay Kilmer, Gina Degeneres, Cameron Zellweger, Russell Bacall, Morgan Williams, River Dean"
808,"Dan Torn, Greg Chaplin, Ed Mansfield"
383,"Johnny Lollobrigida, Jodie Degeneres, Dan Harris, Minnie Zellweger, Harrison Bale, Jane Jackman, Ian Tandy"
7,"Jim Mostel, Richard Penn, Oprah Kilmer, Mena Hopper, Michael Bolger"
301,"Sandra Peck, Penelope Pinkett, Burt Posey, Groucho Sinatra, Daryl Wahlberg, Fay Wood, Kenneth Hoffman, Matthew Carrey, Debbie Akroyd"
757,"Lucille Tracy, Frances Day-Lewis, Sean Williams, Meg Hawke, Morgan Mcdormand, Ian Tandy, Alan Dreyfuss"
771,"Matthew Johansson, Bob Fawcett, Julia Mcqueen, Henry Berry, Sean Guiness, Liza Bergman, Kevin Garland, Groucho Williams"
827,"Ed Chase, Woody Hoffman, Tom Mckellen, Kirk Jovovich, Fay Kilmer, Scarlett Damon, Morgan Mcdormand, Michael Bening, Jon Chase, Gene Mckellen, Gregory Gooding"
254,"Uma Wood, Sandra Kilmer, Parker Goldberg, Christian Akroyd, Charlize Dench, Morgan Mcdormand, Morgan Williams, Fay Winslet"
377,"Kirk Jovovich, Sidney Crowe, Adam Hopper"
952,"Nick Stallone, Henry Berry, Spencer Peck, Harrison Bale, Richard Penn, Mary Keitel"
159,"Kirsten Paltrow, Jodie Degeneres, Russell Temple, Greta Malden, Ed Guiness, Julia Fawcett"
432,"Greg Chaplin, Renee Tracy, Jane Jackman, Julia Fawcett"
857,"Greg Chaplin, Daryl Crawford, Whoopi Hurt, Alan Dreyfuss"
986,"Julia Mcqueen, Henry Berry"
619,"Woody Hoffman, Tom Mckellen, Ralph Cruz, Scarlett Damon, Daryl Wahlberg, Morgan Mcdormand, Will Wilson"
890,"Vivien Bergen, Tom Miranda, Morgan Hopkins, Ian Tandy, William Hackman"
20,"Carmen Hunt, Walter Torn, Ed Mansfield, Ewan Gooding, Ian Tandy, Laura Brody"
319,"Parker Goldberg, Laurence Bullock"
1,"Penelope Guiness, Christian Gable, Lucille Tracy, Sandra Peck, Johnny Cage, Mena Temple, Warren Nolte, Oprah Kilmer, Rock Dukakis, Mary Keitel"
76,"Kenneth Pesci, Kenneth Torn, Salma Nolte, Renee Ball"
517,"Bette Nicholson, Carmen Hunt, Cameron Wray, Angela Hudson, Kenneth Torn, Walter Torn, Warren Nolte, Cuba Allen, Liza Bergman, Jon Chase, Lisa Monroe, Rock Dukakis"
129,"Penelope Pinkett, Dustin Tautou, Jayne Neeson, William Hackman, Jayne Silverstone, Reese West"
203,"Johnny Lollobrigida, Uma Wood, Goldie Brody, Jodie Degeneres, Carmen Hunt, Milla Keitel, Minnie Kilmer"
789,"Laura Brody"
346,"Uma Wood, Debbie Akroyd, Thora Temple"
71,"Goldie Brody, Ellen Presley, Russell Close"
68,"Christian Akroyd, Angelina Astaire, Morgan Mcdormand, Nick Degeneres"
267,"Fred Costner, Frances Day-Lewis, Jude Cruise, Mae Hoffman, Scarlett Damon, Chris Depp"
773,"Adam Grant, Sean Williams, Rock Dukakis"
80,"Fred Costner, Alan Dreyfuss, Burt Temple, Thora Temple"
146,"Johnny Lollobrigida, Lucille Tracy, Elvis Marx, Sissy Sobieski, Val Bolger, Susan Davis, Russell Temple, Al Garland, Nick Degeneres, Olympia Pfeiffer, Lisa Monroe, Humphrey Garland, Rock Dukakis"
861,"Tom Miranda, Penelope Pinkett, Jessica Bailey, Morgan Mcdormand, Gene Hopkins"
511,"Christopher Berry, Susan Davis"
162,"Uma Wood, Charlize Dench, Gina Degeneres, Cameron Zellweger, Morgan Mcdormand, Adam Hopper, Alan Dreyfuss, Jon Chase"
738,"Judy Dean, Tom Miranda, Chris Bridges, Renee Tracy, Warren Jackman, Meryl Allen, Jayne Silverstone"
797,"Sandra Peck, Reese Kilmer, Renee Tracy, Michael Bening"
582,"Fred Costner"
943,"Dustin Tautou, Cary Mcconaughey"
330,"Kirk Jovovich, Reese Kilmer, Sean Guiness"
237,"Christian Neeson, Sean Williams, Morgan Mcdormand, Will Wilson, Gene Mckellen, Julia Zellweger"
751,"Nick Stallone, Warren Jackman, Gene Mckellen"
262,"Sandra Peck, Henry Berry, Mae Hoffman, Ralph Cruz, Sean Guiness, Ed Mansfield, Ewan Gooding, Fay Wood, Mary Keitel"
451,"Bette Nicholson, Sean Guiness, Dan Streep, Geoffrey Heston, Michael Bening"
337,"Uma Wood, Jayne Neeson, Minnie Zellweger, Kenneth Torn, Renee Tracy"
348,"Zero Cage, Lucille Tracy, Anne Cronyn, Penelope Pinkett, Angelina Astaire, Meg Hawke, Gina Degeneres, Daryl Crawford"
504,"Natalie Hopkins, Michelle Mcconaughey, Jada Ryder, Angela Witherspoon, Fay Wood"
238,"James Pitt, Penelope Monroe, Salma Nolte, Albert Nolte, Cate Mcqueen, Jon Chase"
399,"Nick Wahlberg, Adam Grant, Groucho Dunst, Cuba Allen, Meryl Gibson"
112,"Bette Nicholson, Cameron Streep, Tim Hackman, Milla Peck, Gary Phoenix, Gina Degeneres, Greta Keitel, Whoopi Hurt"
560,"Adam Grant, River Dean, Olympia Pfeiffer, Michael Bolger, Cuba Birch, Jayne Silverstone, Bela Walken"
547,"Alec Wayne, Tom Mckellen, Burt Posey, Kirsten Akroyd"
818,"Ed Mansfield, Laura Brody, Michael Bolger"
613,"Scarlett Damon, Kevin Garland, River Dean, Humphrey Willis"
268,"Dan Torn, Mena Temple, Scarlett Damon, Ben Willis, Walter Torn, Morgan Williams"
737,"Milla Peck, Johnny Cage, Julia Barrymore, Gary Phoenix, Jude Cruise, Cameron Zellweger, Al Garland, Ed Guiness"
569,"Burt Dukakis, Ray Johansson"
124,"Helen Voight, Ray Johansson, Ralph Cruz, Ellen Presley, Walter Torn"
452,"Kenneth Paltrow, Gene Willis, Morgan Mcdormand, Daryl Crawford, Greta Keitel, Richard Penn, Humphrey Garland"
615,"Judy Dean, Angela Hudson, Ben Willis, Harrison Bale, Ben Harris, Humphrey Garland, Bela Walken"
798,"Jennifer Davis, Kirsten Paltrow, Tom Miranda, Jane Jackman, Al Garland"
830,"Julia Mcqueen, Parker Goldberg, Henry Berry, James Pitt, Spencer Peck, Penelope Monroe, Whoopi Hurt, River Dean, Vivien Basinger, Michael Bening, Gregory Gooding"
200,"Joe Swank, Walter Torn, Ewan Gooding"
988,"Zero Cage, Penelope Pinkett, Jayne Neeson, Susan Davis, Russell Bacall, Julianne Dench, Minnie Kilmer, Meryl Gibson, Rock Dukakis"
964,"Joe Swank, Christian Gable, Elvis Marx, Michelle Mcconaughey, Sean Williams, Ben Harris"
601,"Jessica Bailey, Scarlett Bening, Vivien Basinger"
590,"Alec Wayne, Burt Dukakis, Gene Willis, Penelope Monroe, Jane Jackman, Ian Tandy, Debbie Akroyd"
82,"Cate Mcqueen, Adam Hopper, Laura Brody, Cuba Birch"
990,"Gary Phoenix, Penelope Pinkett, Christian Neeson, Jayne Neeson, Chris Bridges, Sidney Crowe, Vivien Basinger, Debbie Akroyd"
202,"Johnny Lollobrigida, Kenneth Paltrow, Michelle Mcconaughey, Kevin Garland, Daryl Crawford"
685,"Ed Chase, Jude Cruise, Frances Tomei, Russell Temple, Will Wilson"
905,"Greg Chaplin, Gina Degeneres, Rita Reynolds, Russell Temple"
973,"Woody Hoffman, Julia Barrymore, Gina Degeneres, Cameron Zellweger, Greta Malden, Michael Bolger"
610,"Morgan Williams, Humphrey Willis, Michael Bening"
79,"Jennifer Davis, Alec Wayne, Kevin Garland, River Dean, Angela Witherspoon"
678,"Jodie Degeneres, Gary Phoenix, Minnie Zellweger, Ellen Presley, Will Wilson"
812,"Karl Berry, Alec Wayne, Carmen Hunt, Minnie Zellweger, Renee Tracy, Vivien Basinger"
579,"Anne Cronyn, Burt Posey, Scarlett Damon, Chris Depp, Matthew Carrey, Julia Zellweger"
510,"Joe Swank, Bob Fawcett, Penelope Pinkett, Michael Bolger"
198,"Reese Kilmer, Jayne Neeson, Penelope Cronyn, Liza Bergman, Fay Wood"
17,"Ed Chase, Karl Berry, Uma Wood, Woody Jolie, Spencer Depp, Chris Depp, Laurence Bullock, Renee Ball"
28,"Milla Keitel, Oprah Kilmer"
212,"Bob Fawcett, Sandra Kilmer, Jodie Degeneres, Ralph Cruz, Charlize Dench, Sean Guiness, Chris Bridges, Cate Mcqueen, Mena Hopper"
404,"Bob Fawcett, Kevin Bloom, River Dean"
720,"Audrey Olivier, Kenneth Paltrow, Milla Keitel, Albert Johansson, Debbie Akroyd"
997,"Sandra Kilmer, Val Bolger, Scarlett Bening, Ian Tandy, Mary Keitel"
917,"Dan Torn, Kirk Jovovich, Morgan Williams"
489,"Milla Peck, Penelope Pinkett, Cameron Zellweger, Penelope Monroe, Salma Nolte, Morgan Williams, Ewan Gooding, Meryl Gibson, Ed Guiness"
515,"Uma Wood, Helen Voight, Cameron Streep, Carmen Hunt, Jane Jackman, Bela Walken"
1000,"Ian Tandy, Nick Degeneres, Lisa Monroe"
616,"Jennifer Davis, Ray Johansson, James Pitt, Rita Reynolds, Greta Malden, Vivien Basinger, William Hackman"
706,"Mary Tandy, Rip Winslet, Spencer Peck, Ewan Gooding, River Dean, Jayne Silverstone"
83,"Cameron Streep, Groucho Dunst, Salma Nolte, Matthew Carrey"
63,"Lucille Tracy, Gary Phoenix, Dan Harris, Penelope Monroe, Jayne Nolte, Laurence Bullock, Reese West"
516,"Tom Mckellen, Angela Hudson, Penelope Cronyn, Cate Mcqueen"
571,"Johnny Lollobrigida, Uma Wood, Angela Hudson, Gina Degeneres, Albert Johansson, Kenneth Hoffman, Alan Dreyfuss, Michael Bolger"
666,"Gary Penn, Russell Bacall, Liza Bergman"
542,"Anne Cronyn, Charlize Dench, Sean Guiness, Salma Nolte, Ed Mansfield, Jayne Nolte, Matthew Carrey"
956,"Burt Dukakis, Adam Grant, Sean Williams, Milla Keitel, Matthew Leigh, Dan Streep, Gene Mckellen"
216,"Karl Berry, Minnie Zellweger, Greg Chaplin, Angela Witherspoon, Julia Fawcett"
395,"Zero Cage, Gary Phoenix, Renee Tracy, Albert Nolte, Cate Harris, Al Garland, Mary Keitel"
882,"Scarlett Bening, Richard Penn, Laurence Bullock, Michael Bolger, Cuba Birch"
295,"Frances Day-Lewis, Dustin Tautou, Jayne Neeson, Fay Winslet"
958,"Nick Wahlberg, Kirk Jovovich, Angelina Astaire, Walter Torn, Warren Nolte, River Dean, Gregory Gooding, Thora Temple"
213,"Karl Berry, Kevin Bloom, Jude Cruise, Rip Winslet"
694,"Christian Gable, Milla Peck, Val Bolger, Dustin Tautou, Ray Johansson, Angela Hudson, Cary Mcconaughey, Sylvester Dern, Kenneth Hoffman, Michael Bolger"
955,"Chris Bridges, Sylvester Dern, Harrison Bale, Albert Johansson, Jeff Silverstone"
274,"Lucille Tracy, Tom Mckellen, Natalie Hopkins, Meryl Gibson, Oprah Kilmer"
801,"Susan Davis, Humphrey Willis, Gregory Gooding"
163,"Sissy Sobieski, Johnny Cage, Greg Chaplin, Meryl Allen"
223,"Tom Mckellen, Johnny Cage, Angelina Astaire, Julianne Dench, Cate Harris, Laura Brody, Rock Dukakis"
669,"Tim Hackman, Cameron Zellweger, Daryl Crawford, Harvey Hope"
833,"Uma Wood, Sandra Kilmer, Kirk Jovovich, Adam Grant, Ben Willis, Charlize Dench, Christopher West, Al Garland, Groucho Williams, Bela Walken"
352,"Michael Bening, Burt Temple, Meryl Allen"
362,"Christian Neeson, Adam Grant, Ralph Cruz, Russell Temple, William Hackman, Debbie Akroyd"
221,"Fred Costner, Matthew Leigh, Humphrey Garland"
752,"Matthew Johansson, Joe Swank, Bob Fawcett, Christian Neeson, Greg Chaplin, Groucho Dunst, Cate Harris, Reese West"
688,"Vivien Bergen, Elvis Marx, Kevin Bloom, Rip Crawford, Jayne Neeson, Ralph Cruz, Morgan Williams, Fay Winslet, Ian Tandy, Alan Dreyfuss"
594,"Cuba Olivier, Richard Penn"
460,"Dan Torn, Christian Akroyd, James Pitt"
499,"Penelope Guiness, Lucille Tracy, Burt Dukakis, Cuba Allen, Renee Ball, Mary Keitel"
265,"Groucho Sinatra, Michael Bolger"
111,"Ed Chase, Elvis Marx, Tom Mckellen, Natalie Hopkins, Kenneth Paltrow, Meryl Gibson, Rock Dukakis"
851,"Dan Harris, Humphrey Willis, Burt Temple"
968,"Cuba Olivier, Groucho Sinatra, Kenneth Pesci, Gene Willis, Ben Harris, Vivien Basinger, Oprah Kilmer"
16,"Karl Berry, Jude Cruise, Albert Johansson, Gregory Gooding, John Suvari"
62,"Jennifer Davis, Gina Degeneres, Susan Davis, Albert Nolte, Audrey Bailey"
893,"Kirsten Paltrow, Dan Harris, Cameron Wray, Woody Jolie, Greg Chaplin, Sidney Crowe, Kim Allen"
993,"Milla Peck, Gary Phoenix, Cary Mcconaughey, Sidney Crowe, Morgan Mcdormand, Ed Mansfield, Mena Hopper, Gregory Gooding, Thora Temple"
326,"Cuba Olivier, Johnny Cage, Walter Torn, Cate Mcqueen, Greta Keitel, Greta Malden, Nick Degeneres, Kenneth Hoffman"
568,"Tom Miranda, Angelina Astaire, Kirsten Akroyd, Susan Davis, Albert Nolte, Mary Keitel"
371,"Angela Hudson, Jada Ryder, Humphrey Garland"
805,"Grace Mostel, Julia Mcqueen, Henry Berry, Daryl Crawford"
655,"Ben Willis, Susan Davis, Warren Nolte, Gene Hopkins, Harvey Hope"
413,"Jayne Neeson, James Pitt, Gene Hopkins, Debbie Akroyd"
649,"Sandra Kilmer, Penelope Pinkett, Christian Neeson, Sidney Crowe, Warren Jackman, Salma Nolte, Ed Mansfield, Fay Winslet, Groucho Williams, Gene Mckellen, Jayne Silverstone"
183,"Dustin Tautou, Chris Bridges, Greta Malden"
100,"Jodie Degeneres, Jayne Neeson, Sean Guiness, Albert Nolte, Groucho Williams"
925,"Val Bolger, Reese Kilmer, Ray Johansson, Sean Guiness, Mena Hopper, Rock Dukakis"
150,"Julia Mcqueen, Jodie Degeneres, Frances Day-Lewis, Penelope Pinkett, Jon Chase"
656,"Meg Hawke, Morgan Hopkins, Cuba Allen"
421,"Dan Harris, Minnie Zellweger, Spencer Peck, Meryl Gibson, Al Garland, Debbie Akroyd"
429,"Zero Cage, Kirsten Paltrow, Julianne Dench, Albert Nolte, Albert Johansson"
835,"Woody Hoffman, Johnny Cage, Henry Berry, Ellen Presley, Jim Mostel, Sidney Crowe, Whoopi Hurt, Greta Malden"
25,"Penelope Guiness, Jennifer Davis, Grace Mostel, Julia Barrymore, Christopher Berry, Ed Mansfield, Nick Degeneres, Laurence Bullock, Renee Ball"
141,"Mae Hoffman, Cuba Allen, Liza Bergman, Kevin Garland, River Dean, Meryl Gibson, Burt Temple, Jayne Silverstone"
122,"Val Bolger, Mena Temple, Jude Cruise, Angelina Astaire, Kenneth Torn, Greta Malden, Bela Walken"
570,"Frances Day-Lewis, Spencer Peck, Warren Jackman, Ewan Gooding, Geoffrey Heston, Mary Keitel"
648,"Elvis Marx, Goldie Brody, Tom Miranda, Christian Neeson, Angelina Astaire, Warren Nolte, Julia Zellweger"
923,"Julia Barrymore, Greg Chaplin, Daryl Wahlberg, Lucille Dee, Whoopi Hurt, Kim Allen, Laurence Bullock, Renee Ball"
995,"Reese West"
434,"Joe Swank, Nick Stallone, Mary Tandy, Christopher West, Kenneth Hoffman"
211,"Frances Day-Lewis, Jayne Neeson"
901,"Grace Mostel, Reese Kilmer, Sean Guiness"
530,"Christian Gable, Kirsten Paltrow, Groucho Sinatra, Sidney Crowe, Julianne Dench, Morgan Williams"
536,"Vivien Bergen, Dan Torn, Elvis Marx, Sandra Kilmer, Minnie Kilmer, Mary Keitel"
928,"Zero Cage, Alec Wayne, Tim Hackman, Henry Berry, Mary Tandy, Susan Davis, Alan Dreyfuss"
465,"Mena Temple, Jayne Neeson, Scarlett Damon, John Suvari, Thora Temple"
449,"Sandra Kilmer, Alec Wayne, Liza Bergman, Scarlett Bening"
520,"Natalie Hopkins, Groucho Sinatra, Greg Chaplin, Sean Guiness, Gina Degeneres, Daryl Crawford, Russell Close, Jayne Silverstone"
64,"Sandra Peck, Warren Jackman, Scarlett Bening, Minnie Kilmer, Vivien Basinger, Bela Walken"
55,"Mary Tandy, Cuba Allen, Nick Degeneres, Alan Dreyfuss, Gene Mckellen"
148,"Joe Swank, Cameron Streep, Gary Penn, Minnie Zellweger, Julianne Dench, Humphrey Willis, Groucho Williams"
790,"Woody Hoffman, Julia Barrymore, Fay Kilmer"
828,"Daryl Wahlberg, Susan Davis, Walter Torn, William Hackman, Debbie Akroyd, Burt Temple"
